STT,nickname,doanDung,tongDuDoan,,,,STT,nickname,doanDung,tongDuDoan,Ti le,,"Top 20 chuyên gia d? ?oán chính xác nh?t
",,,,,,
26,BigMoneyHN02,480,1126,,,Top 50 du doan,409,Minhlq,44,51,86.2745098,,Minhlq,86.2745098,,,Tuong_vnd,6,154
4,Simon,217,405,,,,566,Batbai12,52,62,83.87096774,,Batbai12,83.87096774,,,HTTri,4,123
90,Anhba05,148,257,,,,1111,Caovanthanh,104,126,82.53968254,,Caovanthanh,82.53968254,,,AlexanderHD7,1,34
1425,Duylv1102,4,234,,,,740,ShuzoEndo,41,50,82,,ShuzoEndo,82,,,1668472917,1,42
50,VietTraders,76,232,,,,27,PrimeCapital,45,56,80.35714286,,PrimeCapital,80.35714286,,,BigBun,2,91
22,ngoccan,114,226,,,,995,weisheng,33,42,78.57142857,,weisheng,78.57142857,,,Duylv1102,4,234
1401,Phongld,3,189,,,,84,datnguyen999999,91,118,77.11864407,,datnguyen999999,77.11864407,,,ChauN,1,62
159,heo_con_xinhxinh,85,180,,,,553,jankent12,52,68,76.47058824,,jankent12,76.47058824,,,Phongld,3,189
35,dungno1,116,173,,,,450,dangtranphuc,24,32,75,,dangtranphuc,75,,,huyenvo11,0,113
392,minhdang1310,83,159,,,,25,TuyenLe,32,43,74.41860465,,TuyenLe,74.41860465,,,astroboy,0,88
533,Tuong_vnd,6,154,,,,67,Dautucophieuvietnam,102,138,73.91304348,,Dautucophieuvietnam,73.91304348,,,tuongnguyen01,0,70
1,Tranmanh,50,139,,,,519,vandinhstock,37,51,72.54901961,,vandinhstock,72.54901961,,,hongtranvu,0,64
67,Dautucophieuvietnam,102,138,,,,485,DannyOsvo,25,35,71.42857143,,DannyOsvo,71.42857143,,,vinhhemmec,0,58
40,Iristran19,95,134,,,,16,Bestinvested80,64,90,71.11111111,,Bestinvested80,71.11111111,,,Marketviews,0,41
1111,Caovanthanh,104,126,,,,40,Iristran19,95,134,70.89552239,,Iristran19,70.89552239,,,Phhai0811,0,39
1467,mi003,33,124,,,,1230,Madman,43,62,69.35483871,,Madman,69.35483871,,,Dangtran_BVSC,0,39
319,HTTri,4,123,,,,993,Daigia111191,37,55,67.27272727,,Daigia111191,67.27272727,,,nguyennam007,0,38
183,Vietseven,56,119,,,,35,dungno1,116,173,67.05202312,,dungno1,67.05202312,,,Batistuta,0,37
84,datnguyen999999,91,118,,,,113,vantoan1004,26,40,65,,vantoan1004,65,,,Colah28,0,36
1437,ThaiHa,39,115,,,,520,moingay1cp,27,42,64.28571429,,moingay1cp,64.28571429,,,Jean-007,0,35
1376,huyenvo11,0,113,,,,769,Nhando95,21,33,63.63636364,,,,,,,,
332,vingrupRE,6,107,,,,552,dzuy_phung,47,74,63.51351351,,,,,,,,
334,VietAnh88,43,96,,,,835,Broker-girldn,32,51,62.74509804,,,,,,,,
9,LamTungBui,23,94,,,,1184,tradabrothers,24,39,61.53846154,,,,,,,,
62,DinhNguyenArsenal,46,91,,,,821,UyNgoMGDN,43,70,61.42857143,,,,,,,,
1417,BigBun,2,91,,,,42,vitcon,27,45,60,,,,,,,,
16,Bestinvested80,64,90,,,,343,Yaravmh,29,49,59.18367347,,,,,,,,
206,Raymoon,28,89,,,,23,DammeCK,20,34,58.82352941,,,,,,,,
230,thao0986344056,52,89,,,,230,thao0986344056,52,89,58.42696629,,,,,,,,
646,Vnuptrend,46,88,,,,90,Anhba05,148,257,57.58754864,,,,,,,,
1399,astroboy,0,88,,,,4,Simon,217,405,53.58024691,,,,,,,,
875,Dautugiatri89,43,81,,,,875,Dautugiatri89,43,81,53.08641975,,,,,,,,
497,Sobinat,22,79,,,,646,Vnuptrend,46,88,52.27272727,,,,,,,,
1374,dinhviethuy,4,77,,,,3,andytran051982,23,44,52.27272727,,,,,,,,
552,dzuy_phung,47,74,,,,392,minhdang1310,83,159,52.20125786,,,,,,,,
821,UyNgoMGDN,43,70,,,,358,Minh0507,19,37,51.35135135,,,,,,,,
1582,tuongnguyen01,0,70,,,,567,BuiTien,20,39,51.28205128,,,,,,,,
51,hungnhidong,8,69,,,,62,DinhNguyenArsenal,46,91,50.54945055,,,,,,,,
69,Swordfish,15,68,,,,22,ngoccan,114,226,50.44247788,,,,,,,,
553,jankent12,52,68,,,,38,Martino_Huy,18,37,48.64864865,,,,,,,,
568,Thanh_stock_ssi,10,68,,,,159,heo_con_xinhxinh,85,180,47.22222222,,,,,,,,
29,StockNoName,3,65,,,,183,Vietseven,56,119,47.05882353,,,,,,,,
302,TD-money,24,65,,,,372,Huyndn,21,45,46.66666667,,,,,,,,
1559,hongtranvu,0,64,,,,309,Lv_maxx,22,48,45.83333333,,,,,,,,
56,ChauN,1,62,,,,340,Zukebear,15,33,45.45454545,,,,,,,,
566,Batbai12,52,62,,,,334,VietAnh88,43,96,44.79166667,,,,,,,,
1230,Madman,43,62,,,,37,TrieuXuanHuy,24,54,44.44444444,,,,,,,,
1423,vinhhemmec,0,58,,,,26,BigMoneyHN02,480,1126,42.62877442,,,,,,,,
27,PrimeCapital,45,56,,,,968,locbillionaire,14,33,42.42424242,,,,,,,,
993,Daigia111191,37,55,,,,296,StockKhongten,13,32,40.625,,,,,,,,
37,TrieuXuanHuy,24,54,,,,263,HuyMon,20,50,40,,,,,,,,
625,GM_NvH,19,54,,,,275,RTSystem,14,35,40,,,,,,,,
409,Minhlq,44,51,,,,264,Bkhero,17,44,38.63636364,,,,,,,,
519,vandinhstock,37,51,,,,17,Phanphan,14,37,37.83783784,,,,,,,,
835,Broker-girldn,32,51,,,,140,Apollo11,16,43,37.20930233,,,,,,,,
263,HuyMon,20,50,,,,914,ToanAlpha,13,35,37.14285714,,,,,,,,
740,ShuzoEndo,41,50,,,,302,TD-money,24,65,36.92307692,,,,,,,,
343,Yaravmh,29,49,,,,1,Tranmanh,50,139,35.97122302,,,,,,,,
1378,TruongDacNguyen,3,49,,,,625,GM_NvH,19,54,35.18518519,,,,,,,,
309,Lv_maxx,22,48,,,,1437,ThaiHa,39,115,33.91304348,,,,,,,,
30,best-trade,11,46,,,,50,VietTraders,76,232,32.75862069,,,,,,,,
42,vitcon,27,45,,,,206,Raymoon,28,89,31.46067416,,,,,,,,
372,Huyndn,21,45,,,,478,Huanho90,14,45,31.11111111,,,,,,,,
478,Huanho90,14,45,,,,497,Sobinat,22,79,27.84810127,,,,,,,,
3,andytran051982,23,44,,,,1467,mi003,33,124,26.61290323,,,,,,,,
264,Bkhero,17,44,,,,715,Bigtrader,10,39,25.64102564,,,,,,,,
25,TuyenLe,32,43,,,,9,LamTungBui,23,94,24.46808511,,,,,,,,
140,Apollo11,16,43,,,,111,Hopdanh,8,33,24.24242424,,,,,,,,
520,moingay1cp,27,42,,,,30,best-trade,11,46,23.91304348,,,,,,,,
995,weisheng,33,42,,,,69,Swordfish,15,68,22.05882353,,,,,,,,
1510,1668472917,1,42,,,,222,warrenking,6,32,18.75,,,,,,,,
1382,Marketviews,0,41,,,,568,Thanh_stock_ssi,10,68,14.70588235,,,,,,,,
113,vantoan1004,26,40,,,,833,Stockdanbo,5,37,13.51351351,,,,,,,,
567,BuiTien,20,39,,,,1400,Hung_Manh,4,33,12.12121212,,,,,,,,
715,Bigtrader,10,39,,,,51,hungnhidong,8,69,11.5942029,,,,,,,,
1184,tradabrothers,24,39,,,,1378,TruongDacNguyen,3,49,6.12244898,,,,,,,,
1395,Phhai0811,0,39,,,,332,vingrupRE,6,107,5.607476636,,,,,,,,
1427,Dangtran_BVSC,0,39,,,,1369,Chartist,2,38,5.263157895,,,,,,,,
1369,Chartist,2,38,,,,1374,dinhviethuy,4,77,5.194805195,,,,,,,,
1444,nguyennam007,0,38,,,,29,StockNoName,3,65,4.615384615,,,,,,,,
17,Phanphan,14,37,,,,533,Tuong_vnd,6,154,3.896103896,,,,,,,,
38,Martino_Huy,18,37,,,,319,HTTri,4,123,3.25203252,,,,,,,,
358,Minh0507,19,37,,,,1390,AlexanderHD7,1,34,2.941176471,,,,,,,,
833,Stockdanbo,5,37,,,,1510,1668472917,1,42,2.380952381,,,,,,,,
1394,Batistuta,0,37,,,,1417,BigBun,2,91,2.197802198,,,,,,,,
1655,Colah28,0,36,,,,1425,Duylv1102,4,234,1.709401709,,,,,,,,
275,RTSystem,14,35,,,,56,ChauN,1,62,1.612903226,,,,,,,,
485,DannyOsvo,25,35,,,,1401,Phongld,3,189,1.587301587,,,,,,,,
914,ToanAlpha,13,35,,,,1376,huyenvo11,0,113,0,,,,,,,,
1359,Jean-007,0,35,,,,1399,astroboy,0,88,0,,,,,,,,
23,DammeCK,20,34,,,,1582,tuongnguyen01,0,70,0,,,,,,,,
1390,AlexanderHD7,1,34,,,,1559,hongtranvu,0,64,0,,,,,,,,
111,Hopdanh,8,33,,,,1423,vinhhemmec,0,58,0,,,,,,,,
340,Zukebear,15,33,,,,1382,Marketviews,0,41,0,,,,,,,,
769,Nhando95,21,33,,,,1395,Phhai0811,0,39,0,,,,,,,,
968,locbillionaire,14,33,,,,1427,Dangtran_BVSC,0,39,0,,,,,,,,
1400,Hung_Manh,4,33,,,,1444,nguyennam007,0,38,0,,,,,,,,
222,warrenking,6,32,,,,1394,Batistuta,0,37,0,,,,,,,,
296,StockKhongten,13,32,,,,1655,Colah28,0,36,0,,,,,,,,
450,dangtranphuc,24,32,,,,1359,Jean-007,0,35,0,,,,,,,,
541,Minhduc97,18,32,,,,,,,,,,,,,,,,
1075,KevinCosner,27,32,,,,,,,,,,,,,,,,
1130,ntuanhungls,22,32,,,,,,,,,,,,,,,,
176,hoamuongbien,0,31,,,,,,,,,,,,,,,,
178,Dautugiatri2018,4,31,,,,,,,,,,,,,,,,
305,huynhvn,1,31,,,,,,,,,,,,,,,,
380,oooTHHTooo,23,31,,,,,,,,,,,,,,,,
406,Alibaba_va_40cogai,25,31,,,,,,,,,,,,,,,,
761,newbiie,12,31,,,,,,,,,,,,,,,,
1205,handsomeboy,1,31,,,,,,,,,,,,,,,,
1308,MonateFunds,22,31,,,,,,,,,,,,,,,,
18,phamvinh126,14,30,,,,,,,,,,,,,,,,
1433,ThienThanhSCO,2,29,,,,,,,,,,,,,,,,
19,Buybomb_and_hold,18,28,,,,,,,,,,,,,,,,
377,phan_em_rev3,17,28,,,,,,,,,,,,,,,,
386,Abcxyz123,12,28,,,,,,,,,,,,,,,,
583,nhathb,16,28,,,,,,,,,,,,,,,,
629,nammophat,17,28,,,,,,,,,,,,,,,,
1442,nikenike,2,27,,,,,,,,,,,,,,,,
82,Ceo_stock,9,26,,,,,,,,,,,,,,,,
134,Gaquay,5,26,,,,,,,,,,,,,,,,
345,caothanh28,12,26,,,,,,,,,,,,,,,,
456,ChiPheoCoPhieu,16,26,,,,,,,,,,,,,,,,
458,CEO_VietNam,3,26,,,,,,,,,,,,,,,,
908,nkhung,7,26,,,,,,,,,,,,,,,,
354,GrowingStocks,8,25,,,,,,,,,,,,,,,,
361,trankhanglap,5,25,,,,,,,,,,,,,,,,
439,Botris,17,25,,,,,,,,,,,,,,,,
550,nguyenhai999,19,25,,,,,,,,,,,,,,,,
576,ThanhAudi,4,25,,,,,,,,,,,,,,,,
1353,Daututhucthu2010,1,25,,,,,,,,,,,,,,,,
1549,Benwin,0,25,,,,,,,,,,,,,,,,
465,dathq,14,24,,,,,,,,,,,,,,,,
474,HeoConStore,17,24,,,,,,,,,,,,,,,,
494,DienNguyen,4,24,,,,,,,,,,,,,,,,
500,dongnguyen129,15,24,,,,,,,,,,,,,,,,
546,Aladin123,21,24,,,,,,,,,,,,,,,,
1484,Savvyinvestor,2,24,,,,,,,,,,,,,,,,
473,Nguyen_Dinh_ISE,7,23,,,,,,,,,,,,,,,,
642,HOLDD,5,23,,,,,,,,,,,,,,,,
714,Mr_Lee29,11,23,,,,,,,,,,,,,,,,
797,Benka,11,23,,,,,,,,,,,,,,,,
1091,heohamchoi,14,23,,,,,,,,,,,,,,,,
1653,Wolflife,1,23,,,,,,,,,,,,,,,,
391,2017AndyNguyen,18,22,,,,,,,,,,,,,,,,
482,nguyencuong19,10,22,,,,,,,,,,,,,,,,
745,Nguyenthanh2720,11,22,,,,,,,,,,,,,,,,
958,TruongGiang_VNDirect,6,22,,,,,,,,,,,,,,,,
1098,MinhToan171,9,22,,,,,,,,,,,,,,,,
1411,minhmanh2018,0,22,,,,,,,,,,,,,,,,
1666,QUYENVNDS,0,22,,,,,,,,,,,,,,,,
13,Mrhuybbg,9,21,,,,,,,,,,,,,,,,
297,tuan-can,13,21,,,,,,,,,,,,,,,,
575,saydiabu2,9,21,,,,,,,,,,,,,,,,
723,anfrohel,5,21,,,,,,,,,,,,,,,,
1355,Broker_Pro,1,21,,,,,,,,,,,,,,,,
1386,Eaglinvestor,0,21,,,,,,,,,,,,,,,,
1412,InvestmentLabs,0,21,,,,,,,,,,,,,,,,
1514,duyluong,0,21,,,,,,,,,,,,,,,,
1614,Ginie,0,21,,,,,,,,,,,,,,,,
5,phuonglinh1991,12,20,,,,,,,,,,,,,,,,
31,Victo18,5,20,,,,,,,,,,,,,,,,
123,Bean_PT,9,20,,,,,,,,,,,,,,,,
202,Trangram,10,20,,,,,,,,,,,,,,,,
324,Stock68689999,13,20,,,,,,,,,,,,,,,,
401,Andytran1982,14,20,,,,,,,,,,,,,,,,
595,Phattructiep,2,20,,,,,,,,,,,,,,,,
273,Warrenslimlee,8,19,,,,,,,,,,,,,,,,
289,Bluerose,9,19,,,,,,,,,,,,,,,,
535,AnhTuanPro,8,19,,,,,,,,,,,,,,,,
594,Lamgiauck,10,19,,,,,,,,,,,,,,,,
1039,Finbox_Advisor,5,19,,,,,,,,,,,,,,,,
1383,viethung1602,0,19,,,,,,,,,,,,,,,,
97,khonggianxanh,10,18,,,,,,,,,,,,,,,,
116,Broker6868,15,18,,,,,,,,,,,,,,,,
181,Angel22,8,18,,,,,,,,,,,,,,,,
205,VuDang-fisher,11,18,,,,,,,,,,,,,,,,
421,BlackEagle,12,18,,,,,,,,,,,,,,,,
452,Reminguyen,17,18,,,,,,,,,,,,,,,,
586,Leminh92,3,18,,,,,,,,,,,,,,,,
872,nguyennmao,13,18,,,,,,,,,,,,,,,,
1413,DUngNguyen2018,0,18,,,,,,,,,,,,,,,,
1416,Ducsmc,0,18,,,,,,,,,,,,,,,,
1552,Hopes,0,18,,,,,,,,,,,,,,,,
1560,HaMa1,0,18,,,,,,,,,,,,,,,,
425,Texky,3,17,,,,,,,,,,,,,,,,
548,Luong_Bang,15,17,,,,,,,,,,,,,,,,
782,thquocdung,11,17,,,,,,,,,,,,,,,,
898,F9_F9,4,17,,,,,,,,,,,,,,,,
924,BrokerNewbie,3,17,,,,,,,,,,,,,,,,
1182,thanhtrong,15,17,,,,,,,,,,,,,,,,
1364,BobbyHoaNguyen,0,17,,,,,,,,,,,,,,,,
54,Vuphien,3,16,,,,,,,,,,,,,,,,
200,Vuongtx610,5,16,,,,,,,,,,,,,,,,
346,ocmeo,9,16,,,,,,,,,,,,,,,,
347,Linhtranqb,9,16,,,,,,,,,,,,,,,,
367,mhvinh,7,16,,,,,,,,,,,,,,,,
559,MinLou,6,16,,,,,,,,,,,,,,,,
620,Hung_HSC,7,16,,,,,,,,,,,,,,,,
1375,Ssssssssssssss,0,16,,,,,,,,,,,,,,,,
68,truongthuong,9,15,,,,,,,,,,,,,,,,
142,thosatraco16,4,15,,,,,,,,,,,,,,,,
184,913358079,3,15,,,,,,,,,,,,,,,,
247,Tuanlhi,1,15,,,,,,,,,,,,,,,,
271,DUYTAN0708,4,15,,,,,,,,,,,,,,,,
430,congtuan78,3,15,,,,,,,,,,,,,,,,
432,lequoctuan,10,15,,,,,,,,,,,,,,,,
455,Thanhpro_VT3,6,15,,,,,,,,,,,,,,,,
574,Goldengoose,10,15,,,,,,,,,,,,,,,,
663,NNTTKK,3,15,,,,,,,,,,,,,,,,
817,lehoanh,6,15,,,,,,,,,,,,,,,,
1012,TUANMARITIME,7,15,,,,,,,,,,,,,,,,
1665,stockviet82,0,15,,,,,,,,,,,,,,,,
1722,Stockman8,0,15,,,,,,,,,,,,,,,,
32,Duonghung8666,7,14,,,,,,,,,,,,,,,,
101,Buffett2017,6,14,,,,,,,,,,,,,,,,
164,hoaimh68,2,14,,,,,,,,,,,,,,,,
509,Quynh7rang,12,14,,,,,,,,,,,,,,,,
540,DanhLuan,0,14,,,,,,,,,,,,,,,,
573,Daidat,4,14,,,,,,,,,,,,,,,,
623,benhuu,3,14,,,,,,,,,,,,,,,,
830,Thanr,12,14,,,,,,,,,,,,,,,,
917,criket88,9,14,,,,,,,,,,,,,,,,
1134,tranloc733,12,14,,,,,,,,,,,,,,,,
1242,haiyen,14,14,,,,,,,,,,,,,,,,
1305,dev4bim,7,14,,,,,,,,,,,,,,,,
1363,HarryLe1601,0,14,,,,,,,,,,,,,,,,
1409,Ibrokervn_HSC,0,14,,,,,,,,,,,,,,,,
1426,Jackiehu,0,14,,,,,,,,,,,,,,,,
1443,Khapm83,0,14,,,,,,,,,,,,,,,,
1493,nguyenphung,1,14,,,,,,,,,,,,,,,,
1554,NBT1980,0,14,,,,,,,,,,,,,,,,
15,quangtin3281,8,13,,,,,,,,,,,,,,,,
328,Hnseafood,8,13,,,,,,,,,,,,,,,,
411,hunken,1,13,,,,,,,,,,,,,,,,
438,anhduc121982,8,13,,,,,,,,,,,,,,,,
532,Alala,7,13,,,,,,,,,,,,,,,,
554,Ngan_29Lhp,4,13,,,,,,,,,,,,,,,,
604,ZackAleX,4,13,,,,,,,,,,,,,,,,
683,daugiaIPO,0,13,,,,,,,,,,,,,,,,
776,cubin,7,13,,,,,,,,,,,,,,,,
864,Minhtai196,7,13,,,,,,,,,,,,,,,,
894,bondy,2,13,,,,,,,,,,,,,,,,
1150,cuocdoimoi,9,13,,,,,,,,,,,,,,,,
1360,MrVvH,0,13,,,,,,,,,,,,,,,,
1421,Harry_Nguyen,0,13,,,,,,,,,,,,,,,,
1508,Miss_Moon,2,13,,,,,,,,,,,,,,,,
1599,TheHung_TheAllsInvestm___,0,13,,,,,,,,,,,,,,,,
1652,chucmolisa,0,13,,,,,,,,,,,,,,,,
12,hualuan,0,12,,,,,,,,,,,,,,,,
45,Dongtung302,2,12,,,,,,,,,,,,,,,,
94,TrungDo,5,12,,,,,,,,,,,,,,,,
371,PNStock,12,12,,,,,,,,,,,,,,,,
389,Samuel07,12,12,,,,,,,,,,,,,,,,
584,oanh2605,5,12,,,,,,,,,,,,,,,,
653,amatavn,2,12,,,,,,,,,,,,,,,,
701,vctranttk46,4,12,,,,,,,,,,,,,,,,
1368,khangtran28,0,12,,,,,,,,,,,,,,,,
1587,getalife,0,12,,,,,,,,,,,,,,,,
1679,Anhhyp,3,12,,,,,,,,,,,,,,,,
1732,Apple,0,12,,,,,,,,,,,,,,,,
59,hahh0208,7,11,,,,,,,,,,,,,,,,
80,haobongson,0,11,,,,,,,,,,,,,,,,
110,NguyenThiMyHanh,0,11,,,,,,,,,,,,,,,,
121,Hungtranhongcao,6,11,,,,,,,,,,,,,,,,
158,Ductran6789,4,11,,,,,,,,,,,,,,,,
245,Linh2288,5,11,,,,,,,,,,,,,,,,
299,son0591,2,11,,,,,,,,,,,,,,,,
337,bizlive,4,11,,,,,,,,,,,,,,,,
414,Thuyfx,8,11,,,,,,,,,,,,,,,,
466,PhuongMinh,8,11,,,,,,,,,,,,,,,,
501,vanvu89,10,11,,,,,,,,,,,,,,,,
555,AnhdaGia_2611,8,11,,,,,,,,,,,,,,,,
560,Loitruong,6,11,,,,,,,,,,,,,,,,
590,Duonggiay,3,11,,,,,,,,,,,,,,,,
628,billy09,0,11,,,,,,,,,,,,,,,,
656,EricNguyenVND,7,11,,,,,,,,,,,,,,,,
743,927228373,4,11,,,,,,,,,,,,,,,,
820,baduy89,10,11,,,,,,,,,,,,,,,,
926,vanlong88,7,11,,,,,,,,,,,,,,,,
983,Kittenvn,6,11,,,,,,,,,,,,,,,,
1407,dinhta-BAT,0,11,,,,,,,,,,,,,,,,
1419,Ke_Thuan,1,11,,,,,,,,,,,,,,,,
1729,thaituquoc,0,11,,,,,,,,,,,,,,,,
14,ngocdiem6688,1,10,,,,,,,,,,,,,,,,
141,Teof319,1,10,,,,,,,,,,,,,,,,
160,VogerAdam,5,10,,,,,,,,,,,,,,,,
162,90509,0,10,,,,,,,,,,,,,,,,
180,Hmpstockbook,3,10,,,,,,,,,,,,,,,,
186,bonjourhoanglam,9,10,,,,,,,,,,,,,,,,
188,NicolasDarvasVN,5,10,,,,,,,,,,,,,,,,
351,HoangHa237,2,10,,,,,,,,,,,,,,,,
420,Nhuanh91,2,10,,,,,,,,,,,,,,,,
437,minhduy0606,7,10,,,,,,,,,,,,,,,,
447,tinhgiomay,5,10,,,,,,,,,,,,,,,,
464,Trathainguyen,1,10,,,,,,,,,,,,,,,,
525,Ngocdiepstock,7,10,,,,,,,,,,,,,,,,
687,hungtep,6,10,,,,,,,,,,,,,,,,
726,ZimZim,6,10,,,,,,,,,,,,,,,,
734,LHVinh,0,10,,,,,,,,,,,,,,,,
736,ThienHSC,5,10,,,,,,,,,,,,,,,,
834,MinhTQ1972,8,10,,,,,,,,,,,,,,,,
881,Phu-trader,5,10,,,,,,,,,,,,,,,,
981,Ngocback,8,10,,,,,,,,,,,,,,,,
1054,Toanle6162,8,10,,,,,,,,,,,,,,,,
1077,LinhMC,9,10,,,,,,,,,,,,,,,,
1131,Trai_Nguyen,10,10,,,,,,,,,,,,,,,,
1151,Huynhvu,8,10,,,,,,,,,,,,,,,,
1275,Duc-minh,6,10,,,,,,,,,,,,,,,,
1294,VNDResearch,0,10,,,,,,,,,,,,,,,,
1396,thebuctuong,0,10,,,,,,,,,,,,,,,,
1397,TrungKien_WB,0,10,,,,,,,,,,,,,,,,
1476,NguyenHuuTho,0,10,,,,,,,,,,,,,,,,
1628,mi002,0,10,,,,,,,,,,,,,,,,
102,Nammy,3,9,,,,,,,,,,,,,,,,
144,david45,4,9,,,,,,,,,,,,,,,,
233,Stockthaodan82,3,9,,,,,,,,,,,,,,,,
310,Trithanh87,1,9,,,,,,,,,,,,,,,,
331,Beardyboy,4,9,,,,,,,,,,,,,,,,
393,gacoi93,3,9,,,,,,,,,,,,,,,,
453,PaulL3eh3ck,0,9,,,,,,,,,,,,,,,,
488,bibo250176,7,9,,,,,,,,,,,,,,,,
499,luong,0,9,,,,,,,,,,,,,,,,
526,Prado2012,1,9,,,,,,,,,,,,,,,,
530,vukiencuong,3,9,,,,,,,,,,,,,,,,
601,Triluu,7,9,,,,,,,,,,,,,,,,
616,KahnNguyen,5,9,,,,,,,,,,,,,,,,
739,ToanNS,5,9,,,,,,,,,,,,,,,,
809,ben123,6,9,,,,,,,,,,,,,,,,
811,Schooling,1,9,,,,,,,,,,,,,,,,
885,Piro1,2,9,,,,,,,,,,,,,,,,
891,Chipdexuong,5,9,,,,,,,,,,,,,,,,
997,JoshLe,8,9,,,,,,,,,,,,,,,,
1136,Titus,8,9,,,,,,,,,,,,,,,,
1253,Lenggkenggg,6,9,,,,,,,,,,,,,,,,
1492,tuanhvykien,0,9,,,,,,,,,,,,,,,,
1528,Nguyenkhacvuong0901,0,9,,,,,,,,,,,,,,,,
1576,TraderLienNguyen,0,9,,,,,,,,,,,,,,,,
24,Stockboy1683,4,8,,,,,,,,,,,,,,,,
74,Blindy,6,8,,,,,,,,,,,,,,,,
115,doanhuudong,5,8,,,,,,,,,,,,,,,,
127,Dangson,3,8,,,,,,,,,,,,,,,,
170,B2T712119,5,8,,,,,,,,,,,,,,,,
172,Paulmctan,4,8,,,,,,,,,,,,,,,,
344,heohamchoi92,5,8,,,,,,,,,,,,,,,,
357,HyBlue,2,8,,,,,,,,,,,,,,,,
416,Hungtt88,3,8,,,,,,,,,,,,,,,,
418,Trung83,2,8,,,,,,,,,,,,,,,,
517,trxn_tr97,2,8,,,,,,,,,,,,,,,,
627,Stock83,6,8,,,,,,,,,,,,,,,,
666,Erich,4,8,,,,,,,,,,,,,,,,
674,Letuananh0707,5,8,,,,,,,,,,,,,,,,
760,Wick49,5,8,,,,,,,,,,,,,,,,
815,VanTung,5,8,,,,,,,,,,,,,,,,
819,Phatz,7,8,,,,,,,,,,,,,,,,
961,minhtu196,5,8,,,,,,,,,,,,,,,,
1051,Linhdh,5,8,,,,,,,,,,,,,,,,
1083,hungvh,6,8,,,,,,,,,,,,,,,,
1406,himlam,0,8,,,,,,,,,,,,,,,,
1435,dungnguyenhn,1,8,,,,,,,,,,,,,,,,
1475,Alibaba2017,1,8,,,,,,,,,,,,,,,,
1494,handfund,1,8,,,,,,,,,,,,,,,,
1535,AnhBi,0,8,,,,,,,,,,,,,,,,
1567,thuanloi,0,8,,,,,,,,,,,,,,,,
1569,Mr_thich,0,8,,,,,,,,,,,,,,,,
1629,chuyenhonghot,0,8,,,,,,,,,,,,,,,,
1630,Nguoi_Binh_Thuong,0,8,,,,,,,,,,,,,,,,
1635,Vngrowth,0,8,,,,,,,,,,,,,,,,
1720,Joking,0,8,,,,,,,,,,,,,,,,
98,luathv,1,7,,,,,,,,,,,,,,,,
122,lamxung,0,7,,,,,,,,,,,,,,,,
130,Phinb,2,7,,,,,,,,,,,,,,,,
148,Frank_DUCDO,1,7,,,,,,,,,,,,,,,,
362,DungPhamdaqn,6,7,,,,,,,,,,,,,,,,
394,daugoi,2,7,,,,,,,,,,,,,,,,
410,Trannga,3,7,,,,,,,,,,,,,,,,
423,Thanhlongphan,1,7,,,,,,,,,,,,,,,,
489,Vnkvip123,3,7,,,,,,,,,,,,,,,,
518,canhemperor,0,7,,,,,,,,,,,,,,,,
539,DuyHoa1988,3,7,,,,,,,,,,,,,,,,
556,hungpn1,2,7,,,,,,,,,,,,,,,,
558,dunglv_vosco,4,7,,,,,,,,,,,,,,,,
609,Congbang,5,7,,,,,,,,,,,,,,,,
621,Nghia_99,3,7,,,,,,,,,,,,,,,,
626,vancom,3,7,,,,,,,,,,,,,,,,
649,Baonguyen,3,7,,,,,,,,,,,,,,,,
748,Sanghd85,2,7,,,,,,,,,,,,,,,,
766,Dungtrum,6,7,,,,,,,,,,,,,,,,
792,Nqhuy1906,3,7,,,,,,,,,,,,,,,,
808,nhadautu2020,1,7,,,,,,,,,,,,,,,,
814,Huta97,6,7,,,,,,,,,,,,,,,,
861,Mouse,6,7,,,,,,,,,,,,,,,,
874,Depzzzzz,2,7,,,,,,,,,,,,,,,,
923,quodat,4,7,,,,,,,,,,,,,,,,
937,Quang281985,6,7,,,,,,,,,,,,,,,,
972,anhtuanbuh,7,7,,,,,,,,,,,,,,,,
987,huydientu08,2,7,,,,,,,,,,,,,,,,
998,T-PLUS,6,7,,,,,,,,,,,,,,,,
1114,Leedan,4,7,,,,,,,,,,,,,,,,
1219,Haidang37vn,3,7,,,,,,,,,,,,,,,,
1229,Bomman82,7,7,,,,,,,,,,,,,,,,
1274,Dragon80,4,7,,,,,,,,,,,,,,,,
1309,No_Name,7,7,,,,,,,,,,,,,,,,
1351,GiaBao,6,7,,,,,,,,,,,,,,,,
1352,LCTVInvestment,5,7,,,,,,,,,,,,,,,,
1439,hpgd99,0,7,,,,,,,,,,,,,,,,
1523,LinhVu_EI,0,7,,,,,,,,,,,,,,,,
1525,Cuopbien87,0,7,,,,,,,,,,,,,,,,
1564,DucTr198,0,7,,,,,,,,,,,,,,,,
1611,LinhIndicator,1,7,,,,,,,,,,,,,,,,
1624,Calogtong,1,7,,,,,,,,,,,,,,,,
1649,NgocTuVu,0,7,,,,,,,,,,,,,,,,
1650,Sonvd01,0,7,,,,,,,,,,,,,,,,
1699,thanghsc,0,7,,,,,,,,,,,,,,,,
7,kakashikute,1,6,,,,,,,,,,,,,,,,
47,kientran-1501,5,6,,,,,,,,,,,,,,,,
63,BigBoy,3,6,,,,,,,,,,,,,,,,
85,Mr_Phuong,0,6,,,,,,,,,,,,,,,,
100,Robinnguyen,2,6,,,,,,,,,,,,,,,,
137,MrPro,2,6,,,,,,,,,,,,,,,,
155,Phuongnamkt4,0,6,,,,,,,,,,,,,,,,
166,Sadman,0,6,,,,,,,,,,,,,,,,
208,hung_ATF,1,6,,,,,,,,,,,,,,,,
220,Chipheo011181,2,6,,,,,,,,,,,,,,,,
270,Hienlenguyen,0,6,,,,,,,,,,,,,,,,
283,Vanchel,2,6,,,,,,,,,,,,,,,,
325,thanhtuanfinance,2,6,,,,,,,,,,,,,,,,
329,Mr_Shin,1,6,,,,,,,,,,,,,,,,
424,lolotica0101,3,6,,,,,,,,,,,,,,,,
463,Thangcvdl,0,6,,,,,,,,,,,,,,,,
471,MinhArmani,4,6,,,,,,,,,,,,,,,,
472,Vietle,1,6,,,,,,,,,,,,,,,,
481,Ga_Con,5,6,,,,,,,,,,,,,,,,
528,whocare,3,6,,,,,,,,,,,,,,,,
529,Whom84,3,6,,,,,,,,,,,,,,,,
549,Phamduy-VNDS,0,6,,,,,,,,,,,,,,,,
582,Mario321,1,6,,,,,,,,,,,,,,,,
635,hoaithanh0619,5,6,,,,,,,,,,,,,,,,
694,dautuchungkhoan2017,0,6,,,,,,,,,,,,,,,,
730,Halinh,1,6,,,,,,,,,,,,,,,,
753,topnzt,3,6,,,,,,,,,,,,,,,,
757,Tungvu288,0,6,,,,,,,,,,,,,,,,
781,Broker-AK,3,6,,,,,,,,,,,,,,,,
788,Qwertyuiop,1,6,,,,,,,,,,,,,,,,
789,Namson88,2,6,,,,,,,,,,,,,,,,
803,VitaminMoney,1,6,,,,,,,,,,,,,,,,
804,doanhnhan9696,4,6,,,,,,,,,,,,,,,,
889,trungthot,4,6,,,,,,,,,,,,,,,,
892,hoangdang,5,6,,,,,,,,,,,,,,,,
913,lamphuc,6,6,,,,,,,,,,,,,,,,
920,Lycongthanh,2,6,,,,,,,,,,,,,,,,
954,quanbf282,5,6,,,,,,,,,,,,,,,,
1000,BrandyKhoa,3,6,,,,,,,,,,,,,,,,
1010,Rainbow,3,6,,,,,,,,,,,,,,,,
1017,mrthao1204,3,6,,,,,,,,,,,,,,,,
1037,Minhnh,4,6,,,,,,,,,,,,,,,,
1059,TraderLucas,6,6,,,,,,,,,,,,,,,,
1093,RoyalPham,2,6,,,,,,,,,,,,,,,,
1155,nguyenchinh,1,6,,,,,,,,,,,,,,,,
1225,phaisinhdautu,3,6,,,,,,,,,,,,,,,,
1254,hunter7799,3,6,,,,,,,,,,,,,,,,
1319,Nicolebobbin,0,6,,,,,,,,,,,,,,,,
1370,vantoan100490,1,6,,,,,,,,,,,,,,,,
1422,ducanhtran,1,6,,,,,,,,,,,,,,,,
1468,Nhadaututaiba,0,6,,,,,,,,,,,,,,,,
1481,dangluyn,0,6,,,,,,,,,,,,,,,,
1489,Nhuanchanh,0,6,,,,,,,,,,,,,,,,
1499,DuyKhoiLe,0,6,,,,,,,,,,,,,,,,
1512,TrangHoang,0,6,,,,,,,,,,,,,,,,
1527,Phongnt-dtck,0,6,,,,,,,,,,,,,,,,
1546,KhongQuangMinh,0,6,,,,,,,,,,,,,,,,
1595,hoanglaota86,0,6,,,,,,,,,,,,,,,,
1619,tungkims,0,6,,,,,,,,,,,,,,,,
1664,SanCaMap,0,6,,,,,,,,,,,,,,,,
0,Quangchuongtbd,0,5,,,,,,,,,,,,,,,,
20,Crazy,2,5,,,,,,,,,,,,,,,,
33,anhducqb,0,5,,,,,,,,,,,,,,,,
44,Skysky,1,5,,,,,,,,,,,,,,,,
87,Mryoojuldo,3,5,,,,,,,,,,,,,,,,
88,tenvndr,4,5,,,,,,,,,,,,,,,,
106,Akuma,3,5,,,,,,,,,,,,,,,,
107,HAI-NT,2,5,,,,,,,,,,,,,,,,
126,sonalex,4,5,,,,,,,,,,,,,,,,
182,duytam,0,5,,,,,,,,,,,,,,,,
227,langtudocco,0,5,,,,,,,,,,,,,,,,
228,cuongpmit,1,5,,,,,,,,,,,,,,,,
237,Kk1111,2,5,,,,,,,,,,,,,,,,
262,Boong,0,5,,,,,,,,,,,,,,,,
287,Lala1087,2,5,,,,,,,,,,,,,,,,
335,Areca,4,5,,,,,,,,,,,,,,,,
352,kaphi90,3,5,,,,,,,,,,,,,,,,
384,VanDucAnh,4,5,,,,,,,,,,,,,,,,
417,vietjuve91,3,5,,,,,,,,,,,,,,,,
419,Lhtien,3,5,,,,,,,,,,,,,,,,
449,tranquangtuan,1,5,,,,,,,,,,,,,,,,
451,dung_h2,2,5,,,,,,,,,,,,,,,,
468,nhandiendoilai2018,5,5,,,,,,,,,,,,,,,,
480,Sonnt2512,5,5,,,,,,,,,,,,,,,,
484,HuanLe16,4,5,,,,,,,,,,,,,,,,
486,iPooh,0,5,,,,,,,,,,,,,,,,
503,Bongbot1405,4,5,,,,,,,,,,,,,,,,
512,Beatthemarket,2,5,,,,,,,,,,,,,,,,
524,NhocSnow,2,5,,,,,,,,,,,,,,,,
544,sunflower_okyto,3,5,,,,,,,,,,,,,,,,
557,Thanhmaixuan,1,5,,,,,,,,,,,,,,,,
579,Manhhai126789,1,5,,,,,,,,,,,,,,,,
597,Nguyenkhoahp,4,5,,,,,,,,,,,,,,,,
605,alibaba99999,0,5,,,,,,,,,,,,,,,,
614,williamdinh,2,5,,,,,,,,,,,,,,,,
619,tungpdt,1,5,,,,,,,,,,,,,,,,
655,thomasnguyen,2,5,,,,,,,,,,,,,,,,
662,nevergiveup,3,5,,,,,,,,,,,,,,,,
699,Skynet3010,2,5,,,,,,,,,,,,,,,,
724,Songcongtn,4,5,,,,,,,,,,,,,,,,
744,Phoo_ha1992,3,5,,,,,,,,,,,,,,,,
749,Longnph,1,5,,,,,,,,,,,,,,,,
750,Ghost2k,1,5,,,,,,,,,,,,,,,,
751,20112016,0,5,,,,,,,,,,,,,,,,
752,kaizen1412,2,5,,,,,,,,,,,,,,,,
787,Dungdttn,2,5,,,,,,,,,,,,,,,,
791,QuangBaDao,1,5,,,,,,,,,,,,,,,,
793,thai_buffet,2,5,,,,,,,,,,,,,,,,
843,Hoaunam1,2,5,,,,,,,,,,,,,,,,
845,Thaotran1984,4,5,,,,,,,,,,,,,,,,
884,minhtuan74,1,5,,,,,,,,,,,,,,,,
896,kendi,5,5,,,,,,,,,,,,,,,,
899,Huy_Nguyen97,2,5,,,,,,,,,,,,,,,,
959,Veona_nguyen,0,5,,,,,,,,,,,,,,,,
986,Nguyenhung123,4,5,,,,,,,,,,,,,,,,
988,andynguyen88,2,5,,,,,,,,,,,,,,,,
989,Stockcity,5,5,,,,,,,,,,,,,,,,
1005,atlans89,3,5,,,,,,,,,,,,,,,,
1007,Katie,3,5,,,,,,,,,,,,,,,,
1031,BuiNgocManh,4,5,,,,,,,,,,,,,,,,
1033,Hp555,2,5,,,,,,,,,,,,,,,,
1056,Langtuphowall,1,5,,,,,,,,,,,,,,,,
1080,demlanhlung,5,5,,,,,,,,,,,,,,,,
1089,Financial_freedom,5,5,,,,,,,,,,,,,,,,
1101,Tttnodrank,3,5,,,,,,,,,,,,,,,,
1118,Centurion,1,5,,,,,,,,,,,,,,,,
1122,Hoan_Minh,4,5,,,,,,,,,,,,,,,,
1161,Fanoqua1976,5,5,,,,,,,,,,,,,,,,
1199,dungxx,1,5,,,,,,,,,,,,,,,,
1200,dkien,2,5,,,,,,,,,,,,,,,,
1224,anhnd11BCMsic,2,5,,,,,,,,,,,,,,,,
1246,Chk4hoa,2,5,,,,,,,,,,,,,,,,
1247,neopham,1,5,,,,,,,,,,,,,,,,
1255,Minhthuan,3,5,,,,,,,,,,,,,,,,
1259,phuongdongnguyen,5,5,,,,,,,,,,,,,,,,
1264,hainguyen_st,1,5,,,,,,,,,,,,,,,,
1292,irtelneyugn,4,5,,,,,,,,,,,,,,,,
1297,lac_quan,2,5,,,,,,,,,,,,,,,,
1347,PureValue,2,5,,,,,,,,,,,,,,,,
1366,Phucz,0,5,,,,,,,,,,,,,,,,
1373,Lamtuong268,0,5,,,,,,,,,,,,,,,,
1408,HungTDG,0,5,,,,,,,,,,,,,,,,
1441,Erirk,0,5,,,,,,,,,,,,,,,,
1501,rafael65,0,5,,,,,,,,,,,,,,,,
1506,Boykoolkool,0,5,,,,,,,,,,,,,,,,
1530,anhtienmen,0,5,,,,,,,,,,,,,,,,
1544,SoiGia_PhoWALL,0,5,,,,,,,,,,,,,,,,
1605,Hdong1,0,5,,,,,,,,,,,,,,,,
1660,Mariachy,0,5,,,,,,,,,,,,,,,,
1730,tu_van_prudential,1,5,,,,,,,,,,,,,,,,
64,thephuc94,0,4,,,,,,,,,,,,,,,,
89,Nguyenthanhhai,0,4,,,,,,,,,,,,,,,,
108,Truong_NX1996,2,4,,,,,,,,,,,,,,,,
109,Babobum,0,4,,,,,,,,,,,,,,,,
120,Voi_Chip,3,4,,,,,,,,,,,,,,,,
179,Nganlt,1,4,,,,,,,,,,,,,,,,
193,Minhtuan0210,1,4,,,,,,,,,,,,,,,,
210,Jangjike38,0,4,,,,,,,,,,,,,,,,
217,thanhtung88,1,4,,,,,,,,,,,,,,,,
243,MRXXXXX,0,4,,,,,,,,,,,,,,,,
252,Tranthaiduy098,2,4,,,,,,,,,,,,,,,,
276,NgDuy,1,4,,,,,,,,,,,,,,,,
288,huonghueho,1,4,,,,,,,,,,,,,,,,
291,daotuan1206,1,4,,,,,,,,,,,,,,,,
298,DAMNGHILON,4,4,,,,,,,,,,,,,,,,
315,taihieu,2,4,,,,,,,,,,,,,,,,
318,Stock_chick84,4,4,,,,,,,,,,,,,,,,
339,Kensii1992,1,4,,,,,,,,,,,,,,,,
350,Phianhbk,1,4,,,,,,,,,,,,,,,,
365,bi3979,2,4,,,,,,,,,,,,,,,,
370,VIETLONG2105,3,4,,,,,,,,,,,,,,,,
383,Thanh6539,3,4,,,,,,,,,,,,,,,,
387,Thua78,3,4,,,,,,,,,,,,,,,,
399,Ivanovmining,0,4,,,,,,,,,,,,,,,,
429,TaiHDG,3,4,,,,,,,,,,,,,,,,
440,khale,4,4,,,,,,,,,,,,,,,,
443,19832017,0,4,,,,,,,,,,,,,,,,
448,Quantum,1,4,,,,,,,,,,,,,,,,
475,ShortBear,3,4,,,,,,,,,,,,,,,,
506,Ruou_Chung,2,4,,,,,,,,,,,,,,,,
516,6Days,3,4,,,,,,,,,,,,,,,,
563,nguyenhaicda95,1,4,,,,,,,,,,,,,,,,
572,Tagiap,2,4,,,,,,,,,,,,,,,,
577,phuocnguyenvan,3,4,,,,,,,,,,,,,,,,
578,lantkn,0,4,,,,,,,,,,,,,,,,
606,PhungTVu,1,4,,,,,,,,,,,,,,,,
615,HuynhATuan,1,4,,,,,,,,,,,,,,,,
645,FUptrend,1,4,,,,,,,,,,,,,,,,
647,BinhBo,2,4,,,,,,,,,,,,,,,,
652,minhminh8090,2,4,,,,,,,,,,,,,,,,
660,ltu03,1,4,,,,,,,,,,,,,,,,
661,SoraHoang,0,4,,,,,,,,,,,,,,,,
665,Ducan,2,4,,,,,,,,,,,,,,,,
685,Thaydoicuocdoi,3,4,,,,,,,,,,,,,,,,
700,BoyBoy,2,4,,,,,,,,,,,,,,,,
710,Duytan179,3,4,,,,,,,,,,,,,,,,
711,LuckyBoy19021992,2,4,,,,,,,,,,,,,,,,
721,Tamhvdlu,0,4,,,,,,,,,,,,,,,,
729,HoangPhuong68,1,4,,,,,,,,,,,,,,,,
746,tamphamthanh,1,4,,,,,,,,,,,,,,,,
758,richer,1,4,,,,,,,,,,,,,,,,
764,Tuanpurple,3,4,,,,,,,,,,,,,,,,
777,cuonghust,3,4,,,,,,,,,,,,,,,,
778,Rocker,2,4,,,,,,,,,,,,,,,,
786,Ebroker,0,4,,,,,,,,,,,,,,,,
806,valkyrie1995,2,4,,,,,,,,,,,,,,,,
812,Minh2803,0,4,,,,,,,,,,,,,,,,
823,Lopforever,2,4,,,,,,,,,,,,,,,,
824,ManNam,1,4,,,,,,,,,,,,,,,,
827,VinnyNg94,0,4,,,,,,,,,,,,,,,,
828,oanhnguyen89,1,4,,,,,,,,,,,,,,,,
832,FlappyBird,0,4,,,,,,,,,,,,,,,,
907,Jane3101,3,4,,,,,,,,,,,,,,,,
943,TuDoan,0,4,,,,,,,,,,,,,,,,
982,anhthu,3,4,,,,,,,,,,,,,,,,
1008,Vitaminmeo,2,4,,,,,,,,,,,,,,,,
1009,lagiangg,4,4,,,,,,,,,,,,,,,,
1082,Nhanolympic,0,4,,,,,,,,,,,,,,,,
1085,nxtsd17983,0,4,,,,,,,,,,,,,,,,
1095,Bob_hunter,3,4,,,,,,,,,,,,,,,,
1145,Danhpro09,4,4,,,,,,,,,,,,,,,,
1149,TranNgoc120386,2,4,,,,,,,,,,,,,,,,
1179,ngotuanvu92,3,4,,,,,,,,,,,,,,,,
1217,Dolilpham,4,4,,,,,,,,,,,,,,,,
1280,vutheanh,1,4,,,,,,,,,,,,,,,,
1301,Phongmap,2,4,,,,,,,,,,,,,,,,
1320,giang_hoang,4,4,,,,,,,,,,,,,,,,
1332,T9999T,3,4,,,,,,,,,,,,,,,,
1358,Amatamr,0,4,,,,,,,,,,,,,,,,
1367,nguyenngoccuong,0,4,,,,,,,,,,,,,,,,
1377,Doton,0,4,,,,,,,,,,,,,,,,
1387,phanngoccam,0,4,,,,,,,,,,,,,,,,
1393,Capheamazon,0,4,,,,,,,,,,,,,,,,
1415,gdaascggg,0,4,,,,,,,,,,,,,,,,
1424,Bongbom68,0,4,,,,,,,,,,,,,,,,
1447,DuyLuu_Stock,0,4,,,,,,,,,,,,,,,,
1451,xuancanh88,0,4,,,,,,,,,,,,,,,,
1465,Kimanh20000,0,4,,,,,,,,,,,,,,,,
1473,bullandbear,0,4,,,,,,,,,,,,,,,,
1486,Steve_Nguyen_Eaglinvestor,0,4,,,,,,,,,,,,,,,,
1491,Cauduongonlinr,0,4,,,,,,,,,,,,,,,,
1543,Somine,0,4,,,,,,,,,,,,,,,,
1548,Linh_Dan_Le_Ngoc,0,4,,,,,,,,,,,,,,,,
1589,Jaxqt,0,4,,,,,,,,,,,,,,,,
1640,Vannha,0,4,,,,,,,,,,,,,,,,
1670,TuvanBienAnToan,0,4,,,,,,,,,,,,,,,,
1695,Nguyenthieu,0,4,,,,,,,,,,,,,,,,
1715,ThuyBuiw,0,4,,,,,,,,,,,,,,,,
1742,Dobathanh,0,4,,,,,,,,,,,,,,,,
52,Lytho,0,3,,,,,,,,,,,,,,,,
70,Tuantu16,0,3,,,,,,,,,,,,,,,,
71,Tranminhdoan,0,3,,,,,,,,,,,,,,,,
78,VLTT-VLTT,1,3,,,,,,,,,,,,,,,,
79,vanthang85,0,3,,,,,,,,,,,,,,,,
93,hhhhhhhh,0,3,,,,,,,,,,,,,,,,
112,zzzuyzz,1,3,,,,,,,,,,,,,,,,
118,coban,1,3,,,,,,,,,,,,,,,,
124,oldsalemans,0,3,,,,,,,,,,,,,,,,
136,kientien,2,3,,,,,,,,,,,,,,,,
139,Bewinner,2,3,,,,,,,,,,,,,,,,
161,RubyCo,1,3,,,,,,,,,,,,,,,,
168,baocong,0,3,,,,,,,,,,,,,,,,
198,MrKids,1,3,,,,,,,,,,,,,,,,
204,blackbear,0,3,,,,,,,,,,,,,,,,
209,Humax,2,3,,,,,,,,,,,,,,,,
211,Luckymen,0,3,,,,,,,,,,,,,,,,
214,Kongkong,0,3,,,,,,,,,,,,,,,,
238,mananhi8x,1,3,,,,,,,,,,,,,,,,
248,Phuonghdh,0,3,,,,,,,,,,,,,,,,
251,Thienthandautu,1,3,,,,,,,,,,,,,,,,
277,Nhutque,2,3,,,,,,,,,,,,,,,,
280,ACHAY123,0,3,,,,,,,,,,,,,,,,
281,Cola_Kem,2,3,,,,,,,,,,,,,,,,
292,Cartier,1,3,,,,,,,,,,,,,,,,
304,vituonglai,0,3,,,,,,,,,,,,,,,,
323,duongthanhbn9,0,3,,,,,,,,,,,,,,,,
348,HieuTran110,1,3,,,,,,,,,,,,,,,,
349,minhutt,2,3,,,,,,,,,,,,,,,,
355,MotDo,2,3,,,,,,,,,,,,,,,,
364,Nangthuytinh85,3,3,,,,,,,,,,,,,,,,
374,AnhBui,1,3,,,,,,,,,,,,,,,,
375,967361688,2,3,,,,,,,,,,,,,,,,
402,Mymy44,2,3,,,,,,,,,,,,,,,,
422,Tinleo86,1,3,,,,,,,,,,,,,,,,
492,MaiThu,2,3,,,,,,,,,,,,,,,,
511,ZhanShio,1,3,,,,,,,,,,,,,,,,
543,QuickTrade,3,3,,,,,,,,,,,,,,,,
545,Uyen_Nho,2,3,,,,,,,,,,,,,,,,
564,sarusu,1,3,,,,,,,,,,,,,,,,
581,Tutudi,0,3,,,,,,,,,,,,,,,,
589,376789,1,3,,,,,,,,,,,,,,,,
599,Value-Investing,2,3,,,,,,,,,,,,,,,,
600,Minhanh19,1,3,,,,,,,,,,,,,,,,
602,Nekochan,3,3,,,,,,,,,,,,,,,,
608,MinhDuc2711,0,3,,,,,,,,,,,,,,,,
611,Chuduy,0,3,,,,,,,,,,,,,,,,
612,103369640,0,3,,,,,,,,,,,,,,,,
631,MunTe,0,3,,,,,,,,,,,,,,,,
632,minhnpn246,3,3,,,,,,,,,,,,,,,,
634,Newjoiner,0,3,,,,,,,,,,,,,,,,
636,Yenngoc0212,0,3,,,,,,,,,,,,,,,,
639,TuanApple,0,3,,,,,,,,,,,,,,,,
643,phuongquyen183031,0,3,,,,,,,,,,,,,,,,
650,Juan_Lee,0,3,,,,,,,,,,,,,,,,
668,HuyLa,0,3,,,,,,,,,,,,,,,,
669,Menmory,1,3,,,,,,,,,,,,,,,,
681,thienkhuong999,0,3,,,,,,,,,,,,,,,,
684,Ngocquyen0207,1,3,,,,,,,,,,,,,,,,
693,PNs_x1401,0,3,,,,,,,,,,,,,,,,
703,LeHoangPhuc86,0,3,,,,,,,,,,,,,,,,
719,thuanphan99,1,3,,,,,,,,,,,,,,,,
728,Biesu,0,3,,,,,,,,,,,,,,,,
796,HoangThanhTc,0,3,,,,,,,,,,,,,,,,
798,Hungthanhson,0,3,,,,,,,,,,,,,,,,
818,Duka_nguyen03,1,3,,,,,,,,,,,,,,,,
826,Dothanhthuy,2,3,,,,,,,,,,,,,,,,
831,cuonghust00,1,3,,,,,,,,,,,,,,,,
847,trung1990,1,3,,,,,,,,,,,,,,,,
848,Tuong,1,3,,,,,,,,,,,,,,,,
851,VCSCResearch,0,3,,,,,,,,,,,,,,,,
867,hakhanhly,0,3,,,,,,,,,,,,,,,,
869,truongtq,0,3,,,,,,,,,,,,,,,,
871,Bimbimbi,3,3,,,,,,,,,,,,,,,,
880,GioDong68,2,3,,,,,,,,,,,,,,,,
882,Vcsctd,3,3,,,,,,,,,,,,,,,,
883,OneilVN,0,3,,,,,,,,,,,,,,,,
909,DucTri,0,3,,,,,,,,,,,,,,,,
938,MrThanh,0,3,,,,,,,,,,,,,,,,
953,TAO3AO,0,3,,,,,,,,,,,,,,,,
965,TuPhong,2,3,,,,,,,,,,,,,,,,
969,haibotdn,1,3,,,,,,,,,,,,,,,,
992,Trunghieu2204,3,3,,,,,,,,,,,,,,,,
999,NamDuongHoang,2,3,,,,,,,,,,,,,,,,
1013,hoangquoc203,0,3,,,,,,,,,,,,,,,,
1018,Nghiamaster,2,3,,,,,,,,,,,,,,,,
1022,Juni0o,1,3,,,,,,,,,,,,,,,,
1034,lewin,3,3,,,,,,,,,,,,,,,,
1038,Hoaleo,1,3,,,,,,,,,,,,,,,,
1058,sanmiguel,3,3,,,,,,,,,,,,,,,,
1060,Nghiemtuan882,1,3,,,,,,,,,,,,,,,,
1061,danhbaithitruong,1,3,,,,,,,,,,,,,,,,
1079,Dolphin83,1,3,,,,,,,,,,,,,,,,
1087,BacBaPhi,3,3,,,,,,,,,,,,,,,,
1104,truongchau,2,3,,,,,,,,,,,,,,,,
1141,3mbiii,2,3,,,,,,,,,,,,,,,,
1148,stockpro70,1,3,,,,,,,,,,,,,,,,
1152,970618,3,3,,,,,,,,,,,,,,,,
1178,ginhado,1,3,,,,,,,,,,,,,,,,
1190,True_Stocks,0,3,,,,,,,,,,,,,,,,
1206,lhd169,1,3,,,,,,,,,,,,,,,,
1207,NGUYENLOC,1,3,,,,,,,,,,,,,,,,
1234,BabyGoat,2,3,,,,,,,,,,,,,,,,
1248,Naruto1988,2,3,,,,,,,,,,,,,,,,
1260,Hanhcun,3,3,,,,,,,,,,,,,,,,
1265,MrHoang79,1,3,,,,,,,,,,,,,,,,
1268,Trantung,3,3,,,,,,,,,,,,,,,,
1287,gatay,3,3,,,,,,,,,,,,,,,,
1300,Xube09,3,3,,,,,,,,,,,,,,,,
1303,chieuncbk,2,3,,,,,,,,,,,,,,,,
1310,Mia_Tran,2,3,,,,,,,,,,,,,,,,
1322,NhamCanKhon,1,3,,,,,,,,,,,,,,,,
1324,XuanCuong,1,3,,,,,,,,,,,,,,,,
1340,Tranhuyvu2303,2,3,,,,,,,,,,,,,,,,
1354,Haiphong2606,0,3,,,,,,,,,,,,,,,,
1388,anhpro,0,3,,,,,,,,,,,,,,,,
1405,Langtutrung_93,0,3,,,,,,,,,,,,,,,,
1428,phutrung6879,0,3,,,,,,,,,,,,,,,,
1445,Vykhoa19,0,3,,,,,,,,,,,,,,,,
1452,Danhtuyen-256,0,3,,,,,,,,,,,,,,,,
1454,A_pao,0,3,,,,,,,,,,,,,,,,
1466,dangtanbac,1,3,,,,,,,,,,,,,,,,
1478,Mr_Tran,0,3,,,,,,,,,,,,,,,,
1511,Tuancat,0,3,,,,,,,,,,,,,,,,
1521,537697,0,3,,,,,,,,,,,,,,,,
1536,Jenny_vt,0,3,,,,,,,,,,,,,,,,
1562,StockHai_80,0,3,,,,,,,,,,,,,,,,
1583,thichdautu88,0,3,,,,,,,,,,,,,,,,
1584,Trungtin009,0,3,,,,,,,,,,,,,,,,
1609,duynguyen22,0,3,,,,,,,,,,,,,,,,
1613,phucnd1985,0,3,,,,,,,,,,,,,,,,
1616,nttung27,0,3,,,,,,,,,,,,,,,,
1631,queen,0,3,,,,,,,,,,,,,,,,
1644,DungHV,0,3,,,,,,,,,,,,,,,,
1659,lehoang2288,0,3,,,,,,,,,,,,,,,,
1677,RosaHoang95,0,3,,,,,,,,,,,,,,,,
1681,RaraTran76,0,3,,,,,,,,,,,,,,,,
1694,Quyen_hsc,0,3,,,,,,,,,,,,,,,,
1705,vinhqd,0,3,,,,,,,,,,,,,,,,
1708,Viettinbank,1,3,,,,,,,,,,,,,,,,
1726,Quangtv,0,3,,,,,,,,,,,,,,,,
1739,BeeFxSignalEmail,0,3,,,,,,,,,,,,,,,,
1749,namdungha,0,3,,,,,,,,,,,,,,,,
28,quangthanhsspm,0,2,,,,,,,,,,,,,,,,
43,TinyCarrot,0,2,,,,,,,,,,,,,,,,
46,nganngan,2,2,,,,,,,,,,,,,,,,
53,onggialangthang,2,2,,,,,,,,,,,,,,,,
65,Nhatcuong,0,2,,,,,,,,,,,,,,,,
73,saodo2014,1,2,,,,,,,,,,,,,,,,
86,huynhminhson,1,2,,,,,,,,,,,,,,,,
91,GoodBoy789,0,2,,,,,,,,,,,,,,,,
95,Tran87,0,2,,,,,,,,,,,,,,,,
99,Thanghd2007,0,2,,,,,,,,,,,,,,,,
103,sogohan122,0,2,,,,,,,,,,,,,,,,
114,InfinityStock,1,2,,,,,,,,,,,,,,,,
132,Jpguide,0,2,,,,,,,,,,,,,,,,
135,Dracula,0,2,,,,,,,,,,,,,,,,
150,HienTran68,2,2,,,,,,,,,,,,,,,,
151,Duxng,0,2,,,,,,,,,,,,,,,,
153,DuyNguyen2503,0,2,,,,,,,,,,,,,,,,
167,Destroyer,1,2,,,,,,,,,,,,,,,,
173,ThienTruong99,2,2,,,,,,,,,,,,,,,,
177,Hung1994,2,2,,,,,,,,,,,,,,,,
187,Lamthanh777,0,2,,,,,,,,,,,,,,,,
194,TruongIsceland,0,2,,,,,,,,,,,,,,,,
197,HoangNgocTram,0,2,,,,,,,,,,,,,,,,
207,SBTNam,0,2,,,,,,,,,,,,,,,,
212,heo_con_un_in,0,2,,,,,,,,,,,,,,,,
213,Hungnp92,1,2,,,,,,,,,,,,,,,,
215,MocLam,0,2,,,,,,,,,,,,,,,,
216,Binhminhmua0611,1,2,,,,,,,,,,,,,,,,
224,Lotus8690,1,2,,,,,,,,,,,,,,,,
226,Cumit-Pro,0,2,,,,,,,,,,,,,,,,
231,moneymaker68,0,2,,,,,,,,,,,,,,,,
239,mrCool,0,2,,,,,,,,,,,,,,,,
257,ViAdam,0,2,,,,,,,,,,,,,,,,
267,lehuyen04,0,2,,,,,,,,,,,,,,,,
274,lalaland_luis,1,2,,,,,,,,,,,,,,,,
278,Bongbot0514,0,2,,,,,,,,,,,,,,,,
284,Nammoadida,2,2,,,,,,,,,,,,,,,,
295,Chiencvn,1,2,,,,,,,,,,,,,,,,
308,zorro88,0,2,,,,,,,,,,,,,,,,
312,Jenny89,0,2,,,,,,,,,,,,,,,,
322,Smallboy,1,2,,,,,,,,,,,,,,,,
333,Chaucaodongquan,1,2,,,,,,,,,,,,,,,,
341,Zalar,2,2,,,,,,,,,,,,,,,,
353,TrongPhat,1,2,,,,,,,,,,,,,,,,
356,KMB1987,0,2,,,,,,,,,,,,,,,,
360,Namson84,0,2,,,,,,,,,,,,,,,,
368,Nghecon,2,2,,,,,,,,,,,,,,,,
369,DannyBinh,1,2,,,,,,,,,,,,,,,,
373,datso1,0,2,,,,,,,,,,,,,,,,
376,Jonny,2,2,,,,,,,,,,,,,,,,
381,Lengochuy,2,2,,,,,,,,,,,,,,,,
382,Bluesky_78910,1,2,,,,,,,,,,,,,,,,
385,Zuy96,0,2,,,,,,,,,,,,,,,,
398,Miendathua265,0,2,,,,,,,,,,,,,,,,
412,tadiepthu,0,2,,,,,,,,,,,,,,,,
413,pngocnt,1,2,,,,,,,,,,,,,,,,
426,Thangvu789,2,2,,,,,,,,,,,,,,,,
427,Vanhavo,0,2,,,,,,,,,,,,,,,,
428,Goc_Broker,2,2,,,,,,,,,,,,,,,,
435,Hungvsp,2,2,,,,,,,,,,,,,,,,
441,vohoangsi57,0,2,,,,,,,,,,,,,,,,
442,Cafedelait,2,2,,,,,,,,,,,,,,,,
446,saigonwofl,1,2,,,,,,,,,,,,,,,,
467,giangnguyen_vc0709,2,2,,,,,,,,,,,,,,,,
469,Duythao,2,2,,,,,,,,,,,,,,,,
470,letuanshipper,1,2,,,,,,,,,,,,,,,,
477,tonipham,2,2,,,,,,,,,,,,,,,,
479,123098,1,2,,,,,,,,,,,,,,,,
483,DavidT,1,2,,,,,,,,,,,,,,,,
495,Talucky,0,2,,,,,,,,,,,,,,,,
498,phatdatnd,0,2,,,,,,,,,,,,,,,,
504,Seityou-3M,0,2,,,,,,,,,,,,,,,,
505,yendab,1,2,,,,,,,,,,,,,,,,
514,MinhDuc07,0,2,,,,,,,,,,,,,,,,
515,tuyenluong,0,2,,,,,,,,,,,,,,,,
521,anhphudt,0,2,,,,,,,,,,,,,,,,
522,bobuivan,2,2,,,,,,,,,,,,,,,,
527,warrent_nhh,2,2,,,,,,,,,,,,,,,,
534,Hoanvu92,2,2,,,,,,,,,,,,,,,,
536,HungHuynh94,2,2,,,,,,,,,,,,,,,,
538,Alonsofete,2,2,,,,,,,,,,,,,,,,
561,investor01,1,2,,,,,,,,,,,,,,,,
562,Hoangdno,0,2,,,,,,,,,,,,,,,,
569,Uptrend89,0,2,,,,,,,,,,,,,,,,
570,Haidang198,1,2,,,,,,,,,,,,,,,,
585,KhoaNguyen123,0,2,,,,,,,,,,,,,,,,
588,Daita,1,2,,,,,,,,,,,,,,,,
592,Theanhneu,1,2,,,,,,,,,,,,,,,,
598,BestStocks,2,2,,,,,,,,,,,,,,,,
603,blackdung,0,2,,,,,,,,,,,,,,,,
607,Hungrentina,0,2,,,,,,,,,,,,,,,,
610,Leedaegil1804,0,2,,,,,,,,,,,,,,,,
618,tinhan2055,0,2,,,,,,,,,,,,,,,,
624,AHieuPro,0,2,,,,,,,,,,,,,,,,
637,billcoin,0,2,,,,,,,,,,,,,,,,
640,Stocker,1,2,,,,,,,,,,,,,,,,
657,Vnm-son,0,2,,,,,,,,,,,,,,,,
658,141191,0,2,,,,,,,,,,,,,,,,
667,ZukaRami,0,2,,,,,,,,,,,,,,,,
679,hoatbeobk,0,2,,,,,,,,,,,,,,,,
680,ThanDuy,2,2,,,,,,,,,,,,,,,,
691,Tinnguyen,1,2,,,,,,,,,,,,,,,,
697,Namhateall,0,2,,,,,,,,,,,,,,,,
698,rokky1902,0,2,,,,,,,,,,,,,,,,
702,Tung1234,1,2,,,,,,,,,,,,,,,,
705,tuan1980,0,2,,,,,,,,,,,,,,,,
707,huongtd,0,2,,,,,,,,,,,,,,,,
713,vinapetro,0,2,,,,,,,,,,,,,,,,
722,Minhvo,0,2,,,,,,,,,,,,,,,,
727,hoangbay-vn,0,2,,,,,,,,,,,,,,,,
731,ThienTang,0,2,,,,,,,,,,,,,,,,
733,minh98,1,2,,,,,,,,,,,,,,,,
742,Chien1988,1,2,,,,,,,,,,,,,,,,
771,Nthao,0,2,,,,,,,,,,,,,,,,
775,namgdtc,0,2,,,,,,,,,,,,,,,,
783,Thanhphongpham73,1,2,,,,,,,,,,,,,,,,
785,Thittm,1,2,,,,,,,,,,,,,,,,
794,thantai6889,2,2,,,,,,,,,,,,,,,,
802,Lamborghinb,0,2,,,,,,,,,,,,,,,,
807,Tawan,0,2,,,,,,,,,,,,,,,,
810,thanhvv,2,2,,,,,,,,,,,,,,,,
813,9090909909,0,2,,,,,,,,,,,,,,,,
816,thao123,1,2,,,,,,,,,,,,,,,,
836,Ixnumbcz,1,2,,,,,,,,,,,,,,,,
839,Lilytran,1,2,,,,,,,,,,,,,,,,
841,Ganon,2,2,,,,,,,,,,,,,,,,
842,tungtruong,0,2,,,,,,,,,,,,,,,,
853,leduhvnh,1,2,,,,,,,,,,,,,,,,
859,ShopMaika,2,2,,,,,,,,,,,,,,,,
868,minhthanh06,2,2,,,,,,,,,,,,,,,,
870,Poppy,1,2,,,,,,,,,,,,,,,,
876,sukesuke,0,2,,,,,,,,,,,,,,,,
878,TuyenTienTy,1,2,,,,,,,,,,,,,,,,
887,yamato1993,2,2,,,,,,,,,,,,,,,,
893,Phong_cophieu,0,2,,,,,,,,,,,,,,,,
897,Trantran0106,0,2,,,,,,,,,,,,,,,,
901,DucNguyen,0,2,,,,,,,,,,,,,,,,
903,Justin_Kubo,2,2,,,,,,,,,,,,,,,,
904,Century124,1,2,,,,,,,,,,,,,,,,
906,huyyuh,1,2,,,,,,,,,,,,,,,,
910,KhoaPham,1,2,,,,,,,,,,,,,,,,
911,Nguyenkhoaly1980,0,2,,,,,,,,,,,,,,,,
922,Sum_Huynh,2,2,,,,,,,,,,,,,,,,
928,tranngocduong0502,2,2,,,,,,,,,,,,,,,,
930,PHUCNGUYEN757,1,2,,,,,,,,,,,,,,,,
931,hathaingan,2,2,,,,,,,,,,,,,,,,
933,Harry_Truong,2,2,,,,,,,,,,,,,,,,
935,Hiengiagia,0,2,,,,,,,,,,,,,,,,
941,Loi_future,0,2,,,,,,,,,,,,,,,,
948,MinhQuang_NEU,2,2,,,,,,,,,,,,,,,,
950,FunkyN,0,2,,,,,,,,,,,,,,,,
952,961225168,0,2,,,,,,,,,,,,,,,,
955,Huynh_Chi,2,2,,,,,,,,,,,,,,,,
956,NguyenToan0711,0,2,,,,,,,,,,,,,,,,
960,batiens0717,1,2,,,,,,,,,,,,,,,,
963,Stocker1,0,2,,,,,,,,,,,,,,,,
966,vanthuong,0,2,,,,,,,,,,,,,,,,
975,SonBT,1,2,,,,,,,,,,,,,,,,
984,VjRusL0v3,2,2,,,,,,,,,,,,,,,,
991,Huyen11,0,2,,,,,,,,,,,,,,,,
994,Totalsolution,1,2,,,,,,,,,,,,,,,,
1002,minh_khang_123,2,2,,,,,,,,,,,,,,,,
1003,ThuHang7979,2,2,,,,,,,,,,,,,,,,
1011,Trankhaihoangt,1,2,,,,,,,,,,,,,,,,
1014,Xuanphu683,1,2,,,,,,,,,,,,,,,,
1015,Duytan91,1,2,,,,,,,,,,,,,,,,
1016,tamfic,0,2,,,,,,,,,,,,,,,,
1029,kokuma,2,2,,,,,,,,,,,,,,,,
1035,Maxi73,2,2,,,,,,,,,,,,,,,,
1036,Hongtien0316,0,2,,,,,,,,,,,,,,,,
1041,vndragon,0,2,,,,,,,,,,,,,,,,
1046,Dovanhung26099,0,2,,,,,,,,,,,,,,,,
1052,hung85,0,2,,,,,,,,,,,,,,,,
1055,thelaststand,1,2,,,,,,,,,,,,,,,,
1057,StockLang,2,2,,,,,,,,,,,,,,,,
1062,tientran1291,0,2,,,,,,,,,,,,,,,,
1072,idiep,1,2,,,,,,,,,,,,,,,,
1073,havanminhtri,1,2,,,,,,,,,,,,,,,,
1078,Toongga,1,2,,,,,,,,,,,,,,,,
1094,Mr_Duc89,0,2,,,,,,,,,,,,,,,,
1099,PhucTran,1,2,,,,,,,,,,,,,,,,
1110,ltmdung,2,2,,,,,,,,,,,,,,,,
1112,citizen,2,2,,,,,,,,,,,,,,,,
1124,SupperJuniorTrader,2,2,,,,,,,,,,,,,,,,
1125,TienDung,1,2,,,,,,,,,,,,,,,,
1126,baybank,2,2,,,,,,,,,,,,,,,,
1128,Annam-vt88,2,2,,,,,,,,,,,,,,,,
1129,Tuynty,2,2,,,,,,,,,,,,,,,,
1133,Coco3000vn,2,2,,,,,,,,,,,,,,,,
1138,lacquan,1,2,,,,,,,,,,,,,,,,
1146,Daututaichinh,2,2,,,,,,,,,,,,,,,,
1154,dungpham1,2,2,,,,,,,,,,,,,,,,
1158,MinhLai,0,2,,,,,,,,,,,,,,,,
1160,Tam_Chung,2,2,,,,,,,,,,,,,,,,
1163,Oddpro,2,2,,,,,,,,,,,,,,,,
1165,vinhnsbk,1,2,,,,,,,,,,,,,,,,
1168,PhanVanManh57,1,2,,,,,,,,,,,,,,,,
1172,Nhnhan304,1,2,,,,,,,,,,,,,,,,
1174,Babyboomer,0,2,,,,,,,,,,,,,,,,
1185,Vuataichinh82,0,2,,,,,,,,,,,,,,,,
1191,Nam4292,0,2,,,,,,,,,,,,,,,,
1192,Big-Boy,0,2,,,,,,,,,,,,,,,,
1213,kimtieng,2,2,,,,,,,,,,,,,,,,
1220,HocDauTu,2,2,,,,,,,,,,,,,,,,
1223,vybui204,2,2,,,,,,,,,,,,,,,,
1227,Hoanghai0812,2,2,,,,,,,,,,,,,,,,
1238,DrLoc,0,2,,,,,,,,,,,,,,,,
1243,z0N6z9_pVN,1,2,,,,,,,,,,,,,,,,
1245,hidaika1986,0,2,,,,,,,,,,,,,,,,
1257,Galaxy-1102,0,2,,,,,,,,,,,,,,,,
1261,langkeo712,2,2,,,,,,,,,,,,,,,,
1262,vuongquyen,2,2,,,,,,,,,,,,,,,,
1276,Trung_Clas,0,2,,,,,,,,,,,,,,,,
1278,trungha,0,2,,,,,,,,,,,,,,,,
1279,tapsulc,0,2,,,,,,,,,,,,,,,,
1281,minhnhan1993,0,2,,,,,,,,,,,,,,,,
1289,Barry,0,2,,,,,,,,,,,,,,,,
1290,Vietsg,1,2,,,,,,,,,,,,,,,,
1293,PhungThanhVu,2,2,,,,,,,,,,,,,,,,
1302,Lynn7874,2,2,,,,,,,,,,,,,,,,
1304,ThanhHai1,0,2,,,,,,,,,,,,,,,,
1313,BlackJack,0,2,,,,,,,,,,,,,,,,
1317,Chungtruong,1,2,,,,,,,,,,,,,,,,
1318,Dan123,2,2,,,,,,,,,,,,,,,,
1323,Trungbdf,1,2,,,,,,,,,,,,,,,,
1328,Dungdovan,0,2,,,,,,,,,,,,,,,,
1329,Phat8,1,2,,,,,,,,,,,,,,,,
1330,DinhHan,1,2,,,,,,,,,,,,,,,,
1333,haibantaytrang,1,2,,,,,,,,,,,,,,,,
1343,Letgo,0,2,,,,,,,,,,,,,,,,
1346,thanhnguyen80,0,2,,,,,,,,,,,,,,,,
1348,Ledinhtan1991,2,2,,,,,,,,,,,,,,,,
1357,ShanLin,0,2,,,,,,,,,,,,,,,,
1371,Kien-co,0,2,,,,,,,,,,,,,,,,
1381,Haison,0,2,,,,,,,,,,,,,,,,
1391,tuylaocai,0,2,,,,,,,,,,,,,,,,
1410,haidang8877,0,2,,,,,,,,,,,,,,,,
1434,965663777,0,2,,,,,,,,,,,,,,,,
1436,Admin,0,2,,,,,,,,,,,,,,,,
1446,Tai_DT,0,2,,,,,,,,,,,,,,,,
1448,HaMinhigu,0,2,,,,,,,,,,,,,,,,
1458,Tetrapi,0,2,,,,,,,,,,,,,,,,
1460,kntn22078,0,2,,,,,,,,,,,,,,,,
1462,Tienbo,0,2,,,,,,,,,,,,,,,,
1471,NyVPro,0,2,,,,,,,,,,,,,,,,
1480,Hu-max,0,2,,,,,,,,,,,,,,,,
1482,tuanx,0,2,,,,,,,,,,,,,,,,
1485,Khoi_Nguyen,0,2,,,,,,,,,,,,,,,,
1487,dinhthanh,0,2,,,,,,,,,,,,,,,,
1502,Lehung28,0,2,,,,,,,,,,,,,,,,
1507,Baby_Sun,0,2,,,,,,,,,,,,,,,,
1515,haidautu,0,2,,,,,,,,,,,,,,,,
1516,Stocksharklinh_AOF,0,2,,,,,,,,,,,,,,,,
1518,Trong_Dat_PHS_2018,1,2,,,,,,,,,,,,,,,,
1524,Holam1609,0,2,,,,,,,,,,,,,,,,
1531,DinhLong,0,2,,,,,,,,,,,,,,,,
1532,VanQuyen,0,2,,,,,,,,,,,,,,,,
1537,brokervus,0,2,,,,,,,,,,,,,,,,
1542,vutinphuc,0,2,,,,,,,,,,,,,,,,
1545,VietAnh,0,2,,,,,,,,,,,,,,,,
1551,Doantiephcm,0,2,,,,,,,,,,,,,,,,
1556,tacdong,0,2,,,,,,,,,,,,,,,,
1558,Rondostock,0,2,,,,,,,,,,,,,,,,
1574,Tonystark_CFD,2,2,,,,,,,,,,,,,,,,
1578,Jirojiro,0,2,,,,,,,,,,,,,,,,
1579,Trungnguyentrung,0,2,,,,,,,,,,,,,,,,
1590,jenny1511,0,2,,,,,,,,,,,,,,,,
1593,thanhda,0,2,,,,,,,,,,,,,,,,
1600,HuynhAnhDuy,0,2,,,,,,,,,,,,,,,,
1602,VNstockbillionair,0,2,,,,,,,,,,,,,,,,
1610,Bangnguyen,0,2,,,,,,,,,,,,,,,,
1618,Kubin170117,0,2,,,,,,,,,,,,,,,,
1622,soigia_vuitinh,0,2,,,,,,,,,,,,,,,,
1626,Dau_tu_gia_tri,0,2,,,,,,,,,,,,,,,,
1633,Ndttb,0,2,,,,,,,,,,,,,,,,
1638,duongttt2,2,2,,,,,,,,,,,,,,,,
1639,tungteen,0,2,,,,,,,,,,,,,,,,
1646,dntan,0,2,,,,,,,,,,,,,,,,
1656,Lehoang8668,0,2,,,,,,,,,,,,,,,,
1658,Leedzung,0,2,,,,,,,,,,,,,,,,
1680,minsunvtv3,0,2,,,,,,,,,,,,,,,,
1685,mi001,0,2,,,,,,,,,,,,,,,,
1693,DanBert,0,2,,,,,,,,,,,,,,,,
1700,syluan1989,0,2,,,,,,,,,,,,,,,,
1702,dainguyen89,1,2,,,,,,,,,,,,,,,,
1703,Sangbom,0,2,,,,,,,,,,,,,,,,
1712,ThaiHung1502,0,2,,,,,,,,,,,,,,,,
1721,TranTuong88,1,2,,,,,,,,,,,,,,,,
1733,Doctorbeauty,0,2,,,,,,,,,,,,,,,,
1734,daisuphu_thichtiente,0,2,,,,,,,,,,,,,,,,
1736,vieeeeee,0,2,,,,,,,,,,,,,,,,
1740,HuongSenSen,0,2,,,,,,,,,,,,,,,,
1741,warrant,1,2,,,,,,,,,,,,,,,,
1747,hieutdvtg,0,2,,,,,,,,,,,,,,,,
1750,dinhhoi93,0,2,,,,,,,,,,,,,,,,
2,hunglinh22,0,1,,,,,,,,,,,,,,,,
6,hieuphan_hg133,0,1,,,,,,,,,,,,,,,,
8,HVSOTCK,0,1,,,,,,,,,,,,,,,,
10,Rubyoanh,0,1,,,,,,,,,,,,,,,,
11,ChungNguyen99,0,1,,,,,,,,,,,,,,,,
21,hoangtrantp,0,1,,,,,,,,,,,,,,,,
34,giahuy1602,0,1,,,,,,,,,,,,,,,,
36,mcuongcsl610,0,1,,,,,,,,,,,,,,,,
39,nguyenquyky2017,0,1,,,,,,,,,,,,,,,,
41,TungChuThanh,0,1,,,,,,,,,,,,,,,,
48,MANHBU,0,1,,,,,,,,,,,,,,,,
49,Datlm,0,1,,,,,,,,,,,,,,,,
55,Xuanlv,0,1,,,,,,,,,,,,,,,,
57,PhungTuan,0,1,,,,,,,,,,,,,,,,
58,Phukhangcons,1,1,,,,,,,,,,,,,,,,
60,Hung-Nguyenck,0,1,,,,,,,,,,,,,,,,
61,NgocKy,0,1,,,,,,,,,,,,,,,,
66,peter_phan,0,1,,,,,,,,,,,,,,,,
72,lucian,0,1,,,,,,,,,,,,,,,,
75,JackChu,0,1,,,,,,,,,,,,,,,,
76,Tudoi,0,1,,,,,,,,,,,,,,,,
77,AnhChangChuoi,0,1,,,,,,,,,,,,,,,,
81,nguyenthehai24061983,0,1,,,,,,,,,,,,,,,,
83,hailt,0,1,,,,,,,,,,,,,,,,
92,StockBody123456789,0,1,,,,,,,,,,,,,,,,
96,Haipham,0,1,,,,,,,,,,,,,,,,
104,Kissty2226,0,1,,,,,,,,,,,,,,,,
105,abcdefghl,1,1,,,,,,,,,,,,,,,,
117,Tuancua,0,1,,,,,,,,,,,,,,,,
119,Tanda,0,1,,,,,,,,,,,,,,,,
125,beginer,0,1,,,,,,,,,,,,,,,,
128,Fund4kids,0,1,,,,,,,,,,,,,,,,
129,sonnewbro,0,1,,,,,,,,,,,,,,,,
131,TuongOt8991,1,1,,,,,,,,,,,,,,,,
133,cuongnvt,0,1,,,,,,,,,,,,,,,,
138,LuonThua,0,1,,,,,,,,,,,,,,,,
143,Timkiemlua,0,1,,,,,,,,,,,,,,,,
145,Sonlolly,0,1,,,,,,,,,,,,,,,,
146,takayama,0,1,,,,,,,,,,,,,,,,
147,trantung72,0,1,,,,,,,,,,,,,,,,
149,TocHatTrang,1,1,,,,,,,,,,,,,,,,
152,biboss,1,1,,,,,,,,,,,,,,,,
154,TradingWin79,0,1,,,,,,,,,,,,,,,,
156,DungKens,0,1,,,,,,,,,,,,,,,,
157,SangTran_1252,0,1,,,,,,,,,,,,,,,,
163,KiemMa,0,1,,,,,,,,,,,,,,,,
165,Lttai,0,1,,,,,,,,,,,,,,,,
169,Minhmap85,0,1,,,,,,,,,,,,,,,,
171,haokiet,0,1,,,,,,,,,,,,,,,,
174,Annypham_trader,0,1,,,,,,,,,,,,,,,,
175,quyenlhpvid,0,1,,,,,,,,,,,,,,,,
185,lhv176,0,1,,,,,,,,,,,,,,,,
189,lt0309,0,1,,,,,,,,,,,,,,,,
190,truongducnam,0,1,,,,,,,,,,,,,,,,
191,vuixuan,1,1,,,,,,,,,,,,,,,,
192,Dinhviet,1,1,,,,,,,,,,,,,,,,
195,foreverpg,0,1,,,,,,,,,,,,,,,,
196,Linh_Tran,1,1,,,,,,,,,,,,,,,,
199,JEFFERSON,1,1,,,,,,,,,,,,,,,,
201,thanhhalee,0,1,,,,,,,,,,,,,,,,
203,TuoiHo,1,1,,,,,,,,,,,,,,,,
218,ckhoan,0,1,,,,,,,,,,,,,,,,
219,Chulinhtri,0,1,,,,,,,,,,,,,,,,
221,Huyennga,0,1,,,,,,,,,,,,,,,,
223,0613phuong,0,1,,,,,,,,,,,,,,,,
225,Misswin,0,1,,,,,,,,,,,,,,,,
229,Kientu1,0,1,,,,,,,,,,,,,,,,
232,24111976te,0,1,,,,,,,,,,,,,,,,
234,phamphulamson,0,1,,,,,,,,,,,,,,,,
235,Khoanh,0,1,,,,,,,,,,,,,,,,
236,Dark_Knight,0,1,,,,,,,,,,,,,,,,
240,Chau_Phu,0,1,,,,,,,,,,,,,,,,
241,BaoLa,0,1,,,,,,,,,,,,,,,,
242,xme6789,1,1,,,,,,,,,,,,,,,,
244,Gietcamap,0,1,,,,,,,,,,,,,,,,
246,joxxce,1,1,,,,,,,,,,,,,,,,
249,Huy_Truong,0,1,,,,,,,,,,,,,,,,
250,Longvotinh,0,1,,,,,,,,,,,,,,,,
253,tienhoangcaubs,0,1,,,,,,,,,,,,,,,,
254,Cuongtm,0,1,,,,,,,,,,,,,,,,
255,DonaldNguyen88,1,1,,,,,,,,,,,,,,,,
256,Nghoang2605,1,1,,,,,,,,,,,,,,,,
258,tamle8080,0,1,,,,,,,,,,,,,,,,
259,mrkim,0,1,,,,,,,,,,,,,,,,
260,Ohlaa,0,1,,,,,,,,,,,,,,,,
261,Daithieugia,0,1,,,,,,,,,,,,,,,,
265,YummyBomb,0,1,,,,,,,,,,,,,,,,
266,Luot_Song_CK,0,1,,,,,,,,,,,,,,,,
268,Hoangminhan,0,1,,,,,,,,,,,,,,,,
269,Thach1080,1,1,,,,,,,,,,,,,,,,
272,Khoatn,1,1,,,,,,,,,,,,,,,,
279,stormhoang,0,1,,,,,,,,,,,,,,,,
282,Thanks-hieu,1,1,,,,,,,,,,,,,,,,
285,Kopitebx,1,1,,,,,,,,,,,,,,,,
286,YENVU,0,1,,,,,,,,,,,,,,,,
290,hoi1993,1,1,,,,,,,,,,,,,,,,
293,minhnguyen8x,0,1,,,,,,,,,,,,,,,,
294,PAD911,0,1,,,,,,,,,,,,,,,,
300,Skyline8,0,1,,,,,,,,,,,,,,,,
301,989327133,0,1,,,,,,,,,,,,,,,,
303,newbyby,0,1,,,,,,,,,,,,,,,,
306,HungCo,0,1,,,,,,,,,,,,,,,,
307,VietVu188,0,1,,,,,,,,,,,,,,,,
311,150182,0,1,,,,,,,,,,,,,,,,
313,ntuan9010,0,1,,,,,,,,,,,,,,,,
314,dohoangbaoquyen,0,1,,,,,,,,,,,,,,,,
316,canho,0,1,,,,,,,,,,,,,,,,
317,Xuantocdo,0,1,,,,,,,,,,,,,,,,
320,Congchucngheo,0,1,,,,,,,,,,,,,,,,
321,tuananhvcb68,0,1,,,,,,,,,,,,,,,,
326,StockLang2,0,1,,,,,,,,,,,,,,,,
327,cuongquock5,0,1,,,,,,,,,,,,,,,,
330,HungNguyen,0,1,,,,,,,,,,,,,,,,
336,internationaltrader,0,1,,,,,,,,,,,,,,,,
338,kira33,0,1,,,,,,,,,,,,,,,,
342,LeHoangNguyen,1,1,,,,,,,,,,,,,,,,
359,Minhthai89,0,1,,,,,,,,,,,,,,,,
363,winsng,1,1,,,,,,,,,,,,,,,,
366,xuanviet2490,1,1,,,,,,,,,,,,,,,,
378,Victory111,0,1,,,,,,,,,,,,,,,,
379,nhatdinhgiau,1,1,,,,,,,,,,,,,,,,
388,vietdq92,0,1,,,,,,,,,,,,,,,,
390,Thinhpq,0,1,,,,,,,,,,,,,,,,
395,phanphuocly,0,1,,,,,,,,,,,,,,,,
396,TanUbo,1,1,,,,,,,,,,,,,,,,
397,Ncompass,1,1,,,,,,,,,,,,,,,,
400,babeo,0,1,,,,,,,,,,,,,,,,
403,SangTran1001,0,1,,,,,,,,,,,,,,,,
404,Cubomvn,0,1,,,,,,,,,,,,,,,,
405,DzungPro,0,1,,,,,,,,,,,,,,,,
407,Vinh87,1,1,,,,,,,,,,,,,,,,
408,tuanho,1,1,,,,,,,,,,,,,,,,
415,minhhai_bn,0,1,,,,,,,,,,,,,,,,
431,Thienqn,1,1,,,,,,,,,,,,,,,,
433,TungMWG,1,1,,,,,,,,,,,,,,,,
434,maithao78,1,1,,,,,,,,,,,,,,,,
436,Duong_Thap_Ngu,1,1,,,,,,,,,,,,,,,,
444,Danvipdt220489,0,1,,,,,,,,,,,,,,,,
445,Hoangphan,1,1,,,,,,,,,,,,,,,,
454,Donal_Lee,0,1,,,,,,,,,,,,,,,,
457,Bigbang,1,1,,,,,,,,,,,,,,,,
459,vanbach2012,1,1,,,,,,,,,,,,,,,,
460,NhanLe30,1,1,,,,,,,,,,,,,,,,
461,MrPolime,1,1,,,,,,,,,,,,,,,,
462,Tamlao,1,1,,,,,,,,,,,,,,,,
476,nguyenlenhutien,1,1,,,,,,,,,,,,,,,,
487,coopkhai,0,1,,,,,,,,,,,,,,,,
490,Nguyenhoa82,0,1,,,,,,,,,,,,,,,,
491,Jennydao,0,1,,,,,,,,,,,,,,,,
493,LinhMoi1234,0,1,,,,,,,,,,,,,,,,
496,homitran,0,1,,,,,,,,,,,,,,,,
502,huylv,0,1,,,,,,,,,,,,,,,,
507,hoaith,0,1,,,,,,,,,,,,,,,,
508,Vmthuong427,0,1,,,,,,,,,,,,,,,,
510,Sonvp,0,1,,,,,,,,,,,,,,,,
513,hahoai,0,1,,,,,,,,,,,,,,,,
523,Xuanthiem90,1,1,,,,,,,,,,,,,,,,
531,TuanMinh,0,1,,,,,,,,,,,,,,,,
537,Jupiter86,1,1,,,,,,,,,,,,,,,,
542,Tuanbin,1,1,,,,,,,,,,,,,,,,
547,thanh88,0,1,,,,,,,,,,,,,,,,
551,hauakay,0,1,,,,,,,,,,,,,,,,
565,cubcin20112014,0,1,,,,,,,,,,,,,,,,
571,Tranlinh83,0,1,,,,,,,,,,,,,,,,
580,hoancubi,0,1,,,,,,,,,,,,,,,,
587,NNAnh,1,1,,,,,,,,,,,,,,,,
591,Canh___pri,0,1,,,,,,,,,,,,,,,,
593,huyenvymit,1,1,,,,,,,,,,,,,,,,
596,OneManWolfPack,0,1,,,,,,,,,,,,,,,,
613,NGUYENLINH1709,0,1,,,,,,,,,,,,,,,,
617,Chinhduongduc,1,1,,,,,,,,,,,,,,,,
622,NguyenBien,0,1,,,,,,,,,,,,,,,,
630,Pinkcabbage,0,1,,,,,,,,,,,,,,,,
633,HaiHP,0,1,,,,,,,,,,,,,,,,
638,duccantho,0,1,,,,,,,,,,,,,,,,
641,Anhtuanho,0,1,,,,,,,,,,,,,,,,
644,kenlly,0,1,,,,,,,,,,,,,,,,
648,Ductung7790,0,1,,,,,,,,,,,,,,,,
651,Tieu_0109,0,1,,,,,,,,,,,,,,,,
654,MyQuynh_Le,0,1,,,,,,,,,,,,,,,,
659,deathtodie,0,1,,,,,,,,,,,,,,,,
664,hdk80,1,1,,,,,,,,,,,,,,,,
670,AMTHAO,0,1,,,,,,,,,,,,,,,,
671,Richdadlvh,0,1,,,,,,,,,,,,,,,,
672,Damien,1,1,,,,,,,,,,,,,,,,
673,HungMonkey,0,1,,,,,,,,,,,,,,,,
675,iAmHD,0,1,,,,,,,,,,,,,,,,
676,LouisRien,0,1,,,,,,,,,,,,,,,,
677,petrolimex,0,1,,,,,,,,,,,,,,,,
678,Young89,0,1,,,,,,,,,,,,,,,,
682,solo184,0,1,,,,,,,,,,,,,,,,
686,Viet010993-hd,0,1,,,,,,,,,,,,,,,,
688,catgia,0,1,,,,,,,,,,,,,,,,
689,chuvugiap,0,1,,,,,,,,,,,,,,,,
690,lolem19,0,1,,,,,,,,,,,,,,,,
692,NHANBDT,0,1,,,,,,,,,,,,,,,,
695,Coi_nho12,0,1,,,,,,,,,,,,,,,,
696,hatung1979,1,1,,,,,,,,,,,,,,,,
704,mazda323,0,1,,,,,,,,,,,,,,,,
706,thanh2017danang,0,1,,,,,,,,,,,,,,,,
708,Sinhloi12,0,1,,,,,,,,,,,,,,,,
709,reddevils,1,1,,,,,,,,,,,,,,,,
712,Minhgiang92,0,1,,,,,,,,,,,,,,,,
716,Dat_HoangDinh,0,1,,,,,,,,,,,,,,,,
717,adung123,0,1,,,,,,,,,,,,,,,,
718,Tuanhoa,0,1,,,,,,,,,,,,,,,,
720,Nguyentuananh,0,1,,,,,,,,,,,,,,,,
725,exciter,0,1,,,,,,,,,,,,,,,,
732,ThuyThao,0,1,,,,,,,,,,,,,,,,
735,Nghia1684,0,1,,,,,,,,,,,,,,,,
737,Khoa_US92,0,1,,,,,,,,,,,,,,,,
738,Jalong,0,1,,,,,,,,,,,,,,,,
741,KsHoangTung,0,1,,,,,,,,,,,,,,,,
747,HenryVu,0,1,,,,,,,,,,,,,,,,
754,stockerle,0,1,,,,,,,,,,,,,,,,
755,Guru77,0,1,,,,,,,,,,,,,,,,
756,Khanhsmile,0,1,,,,,,,,,,,,,,,,
759,Langtu_89st,0,1,,,,,,,,,,,,,,,,
762,HoangDuc,0,1,,,,,,,,,,,,,,,,
763,Bitstock,0,1,,,,,,,,,,,,,,,,
765,windland,0,1,,,,,,,,,,,,,,,,
767,Thanh1998,0,1,,,,,,,,,,,,,,,,
768,khainv1905,0,1,,,,,,,,,,,,,,,,
770,ngocquang,0,1,,,,,,,,,,,,,,,,
772,khoiquang,0,1,,,,,,,,,,,,,,,,
773,minhphucly,0,1,,,,,,,,,,,,,,,,
774,Wthit,0,1,,,,,,,,,,,,,,,,
779,DinhTrungThanh,0,1,,,,,,,,,,,,,,,,
780,Quangqq,1,1,,,,,,,,,,,,,,,,
784,hieu_hen,0,1,,,,,,,,,,,,,,,,
790,vang_anh95,0,1,,,,,,,,,,,,,,,,
795,Phongcophieu,0,1,,,,,,,,,,,,,,,,
799,cherie,1,1,,,,,,,,,,,,,,,,
800,Haixu,0,1,,,,,,,,,,,,,,,,
801,bichi91,0,1,,,,,,,,,,,,,,,,
805,tribao,0,1,,,,,,,,,,,,,,,,
822,minhhd,0,1,,,,,,,,,,,,,,,,
825,PmSoft,1,1,,,,,,,,,,,,,,,,
829,Ducnm,0,1,,,,,,,,,,,,,,,,
837,Bogia2909,0,1,,,,,,,,,,,,,,,,
838,TonQuyen298,0,1,,,,,,,,,,,,,,,,
840,hoanhbc,1,1,,,,,,,,,,,,,,,,
844,duyetpv,1,1,,,,,,,,,,,,,,,,
846,NguyenTung,1,1,,,,,,,,,,,,,,,,
849,vanphuongdl,1,1,,,,,,,,,,,,,,,,
850,vinhbmt,1,1,,,,,,,,,,,,,,,,
852,Boss_V,0,1,,,,,,,,,,,,,,,,
854,chautvb65,0,1,,,,,,,,,,,,,,,,
855,NKN89,0,1,,,,,,,,,,,,,,,,
856,bongdo226,0,1,,,,,,,,,,,,,,,,
857,Huypham_ss,1,1,,,,,,,,,,,,,,,,
858,ngochuynh,1,1,,,,,,,,,,,,,,,,
860,Thueuro,1,1,,,,,,,,,,,,,,,,
862,CHIMSE68,0,1,,,,,,,,,,,,,,,,
863,TranTrongLam,1,1,,,,,,,,,,,,,,,,
865,dangbeotot,1,1,,,,,,,,,,,,,,,,
866,minhnguyen,0,1,,,,,,,,,,,,,,,,
873,maihuong265nd,1,1,,,,,,,,,,,,,,,,
877,Vungochoan123,0,1,,,,,,,,,,,,,,,,
879,StockBox,0,1,,,,,,,,,,,,,,,,
886,Ducnm00172,1,1,,,,,,,,,,,,,,,,
888,visaoaye,1,1,,,,,,,,,,,,,,,,
890,Genjuro2017,1,1,,,,,,,,,,,,,,,,
895,holalatiger,1,1,,,,,,,,,,,,,,,,
900,thanhnamnguyen,1,1,,,,,,,,,,,,,,,,
902,Chudepanhduong,0,1,,,,,,,,,,,,,,,,
905,tuonghm,0,1,,,,,,,,,,,,,,,,
912,Dosi0208,0,1,,,,,,,,,,,,,,,,
915,tthmobile05,1,1,,,,,,,,,,,,,,,,
916,AnhKian,1,1,,,,,,,,,,,,,,,,
918,Sontrans,0,1,,,,,,,,,,,,,,,,
919,Hunghaohiep,1,1,,,,,,,,,,,,,,,,
921,Taybalo1989,1,1,,,,,,,,,,,,,,,,
925,nguyenduykhanh,1,1,,,,,,,,,,,,,,,,
927,DiegoH,0,1,,,,,,,,,,,,,,,,
929,nguyen333,0,1,,,,,,,,,,,,,,,,
932,Trinv2211,0,1,,,,,,,,,,,,,,,,
934,HuynhChauDung,1,1,,,,,,,,,,,,,,,,
936,Hocdelamgiau85,0,1,,,,,,,,,,,,,,,,
939,ducanh88,0,1,,,,,,,,,,,,,,,,
940,Vuongson,1,1,,,,,,,,,,,,,,,,
942,Silincer,0,1,,,,,,,,,,,,,,,,
944,WarrenBuffet9999,0,1,,,,,,,,,,,,,,,,
945,Tapchoichungkhoan,0,1,,,,,,,,,,,,,,,,
946,hoatv214,0,1,,,,,,,,,,,,,,,,
947,DangDangKhoa,1,1,,,,,,,,,,,,,,,,
949,Huongduongdang,1,1,,,,,,,,,,,,,,,,
951,dqanh,1,1,,,,,,,,,,,,,,,,
957,NVHiepCT,1,1,,,,,,,,,,,,,,,,
962,Lego_cantho,1,1,,,,,,,,,,,,,,,,
964,KHANH1989,1,1,,,,,,,,,,,,,,,,
967,Thanhgiang181181,0,1,,,,,,,,,,,,,,,,
970,Nhutngo123,1,1,,,,,,,,,,,,,,,,
971,Tabichnhung,1,1,,,,,,,,,,,,,,,,
973,truongphu,1,1,,,,,,,,,,,,,,,,
974,foufou,0,1,,,,,,,,,,,,,,,,
976,tuandt34,1,1,,,,,,,,,,,,,,,,
977,Dungaks12,1,1,,,,,,,,,,,,,,,,
978,Dautunhanh,0,1,,,,,,,,,,,,,,,,
979,Warrent1,1,1,,,,,,,,,,,,,,,,
980,phongtranvcbs,0,1,,,,,,,,,,,,,,,,
985,Hoantl,1,1,,,,,,,,,,,,,,,,
990,MrDuy1079,0,1,,,,,,,,,,,,,,,,
996,Buithanhtungtk,1,1,,,,,,,,,,,,,,,,
1001,nnthanh93,0,1,,,,,,,,,,,,,,,,
1004,ThanhLong12_4,0,1,,,,,,,,,,,,,,,,
1006,QuangHuy1978,1,1,,,,,,,,,,,,,,,,
1019,Snoopy311217,0,1,,,,,,,,,,,,,,,,
1020,HPG-88,0,1,,,,,,,,,,,,,,,,
1021,Kevin-BB,0,1,,,,,,,,,,,,,,,,
1023,Khaluuvy,0,1,,,,,,,,,,,,,,,,
1024,PVS20172020,1,1,,,,,,,,,,,,,,,,
1025,diamondstock,1,1,,,,,,,,,,,,,,,,
1026,Stocker1607,0,1,,,,,,,,,,,,,,,,
1027,thuongtutai,1,1,,,,,,,,,,,,,,,,
1028,Trading_DucTin,1,1,,,,,,,,,,,,,,,,
1030,Stock0ne,0,1,,,,,,,,,,,,,,,,
1032,llllquanq,1,1,,,,,,,,,,,,,,,,
1040,Chung86,0,1,,,,,,,,,,,,,,,,
1042,Letan123,0,1,,,,,,,,,,,,,,,,
1043,Abc987,1,1,,,,,,,,,,,,,,,,
1044,TrungDung02110,1,1,,,,,,,,,,,,,,,,
1045,sansan0211,0,1,,,,,,,,,,,,,,,,
1047,cuongdic,0,1,,,,,,,,,,,,,,,,
1048,Longpetec,1,1,,,,,,,,,,,,,,,,
1049,Khangphatdat,1,1,,,,,,,,,,,,,,,,
1050,Anhtrang242,0,1,,,,,,,,,,,,,,,,
1053,doannq,0,1,,,,,,,,,,,,,,,,
1063,Xuandong,0,1,,,,,,,,,,,,,,,,
1064,Greenday,0,1,,,,,,,,,,,,,,,,
1065,QuiteNew,0,1,,,,,,,,,,,,,,,,
1066,phanvinh,0,1,,,,,,,,,,,,,,,,
1067,LongID,1,1,,,,,,,,,,,,,,,,
1068,PIPOP,0,1,,,,,,,,,,,,,,,,
1069,Warrenmocboc,0,1,,,,,,,,,,,,,,,,
1070,Datle200297,0,1,,,,,,,,,,,,,,,,
1071,Doanlexuanthaokelly,1,1,,,,,,,,,,,,,,,,
1074,phantantai,1,1,,,,,,,,,,,,,,,,
1076,ThuNguyen,1,1,,,,,,,,,,,,,,,,
1081,tdhoan,1,1,,,,,,,,,,,,,,,,
1084,duccoder,1,1,,,,,,,,,,,,,,,,
1086,HienPham,1,1,,,,,,,,,,,,,,,,
1088,yanni,0,1,,,,,,,,,,,,,,,,
1090,nvhnvhnvh,1,1,,,,,,,,,,,,,,,,
1092,1-1bang0,0,1,,,,,,,,,,,,,,,,
1096,BinhBinh,1,1,,,,,,,,,,,,,,,,
1097,Juliano,1,1,,,,,,,,,,,,,,,,
1100,ThienHN,0,1,,,,,,,,,,,,,,,,
1102,votanvinh727498,1,1,,,,,,,,,,,,,,,,
1103,Hocviec2710,0,1,,,,,,,,,,,,,,,,
1105,lemanhhung,1,1,,,,,,,,,,,,,,,,
1106,Sesungsuong,1,1,,,,,,,,,,,,,,,,
1107,933996033,1,1,,,,,,,,,,,,,,,,
1108,Gen_inhome,0,1,,,,,,,,,,,,,,,,
1109,van1304,0,1,,,,,,,,,,,,,,,,
1113,Hai_1989,0,1,,,,,,,,,,,,,,,,
1115,HoaTQ,1,1,,,,,,,,,,,,,,,,
1116,conan2017,1,1,,,,,,,,,,,,,,,,
1117,CHUASONLAM8868,0,1,,,,,,,,,,,,,,,,
1119,phamducmanh2010vn,1,1,,,,,,,,,,,,,,,,
1120,Trong261092,1,1,,,,,,,,,,,,,,,,
1121,Phong2689,1,1,,,,,,,,,,,,,,,,
1123,Vinh091,1,1,,,,,,,,,,,,,,,,
1127,Tienkido,1,1,,,,,,,,,,,,,,,,
1132,Nguoivietnam,1,1,,,,,,,,,,,,,,,,
1135,tiennguyen,0,1,,,,,,,,,,,,,,,,
1137,zkenny,0,1,,,,,,,,,,,,,,,,
1139,captain,0,1,,,,,,,,,,,,,,,,
1140,duongscsc,1,1,,,,,,,,,,,,,,,,
1142,Tonybuoitoi1979,1,1,,,,,,,,,,,,,,,,
1143,choichobiet,0,1,,,,,,,,,,,,,,,,
1144,Doquyenle,0,1,,,,,,,,,,,,,,,,
1147,NhungHoang,0,1,,,,,,,,,,,,,,,,
1153,dmv2003,1,1,,,,,,,,,,,,,,,,
1156,Lehoanghoan,1,1,,,,,,,,,,,,,,,,
1157,van_vu24,0,1,,,,,,,,,,,,,,,,
1159,Sipura2000,0,1,,,,,,,,,,,,,,,,
1162,tfxstock,0,1,,,,,,,,,,,,,,,,
1164,huynhdang97,1,1,,,,,,,,,,,,,,,,
1166,Bichngoccmc85,1,1,,,,,,,,,,,,,,,,
1167,Daunv,1,1,,,,,,,,,,,,,,,,
1169,huunam1001,1,1,,,,,,,,,,,,,,,,
1170,Like_no_one,0,1,,,,,,,,,,,,,,,,
1171,Investorvn,0,1,,,,,,,,,,,,,,,,
1173,Chauan0712,0,1,,,,,,,,,,,,,,,,
1175,baovui,1,1,,,,,,,,,,,,,,,,
1176,poseidon,0,1,,,,,,,,,,,,,,,,
1177,PhamDuong,0,1,,,,,,,,,,,,,,,,
1180,Namphan277,0,1,,,,,,,,,,,,,,,,
1181,minhchau041088,0,1,,,,,,,,,,,,,,,,
1183,chinhdoan,1,1,,,,,,,,,,,,,,,,
1186,LCAvante,0,1,,,,,,,,,,,,,,,,
1187,samnguyen7132,1,1,,,,,,,,,,,,,,,,
1188,LeeVT,1,1,,,,,,,,,,,,,,,,
1189,HuongKara,1,1,,,,,,,,,,,,,,,,
1193,minhtruong78,1,1,,,,,,,,,,,,,,,,
1194,Ryynnn,0,1,,,,,,,,,,,,,,,,
1195,HoaNguyen110784,0,1,,,,,,,,,,,,,,,,
1196,nghia612,1,1,,,,,,,,,,,,,,,,
1197,thunganlamthi1906,0,1,,,,,,,,,,,,,,,,
1198,money79,0,1,,,,,,,,,,,,,,,,
1201,kiendao,1,1,,,,,,,,,,,,,,,,
1202,Steven_Pham,1,1,,,,,,,,,,,,,,,,
1203,Adieuthanden,0,1,,,,,,,,,,,,,,,,
1204,Hamchungkhoan,0,1,,,,,,,,,,,,,,,,
1208,Luphuc,1,1,,,,,,,,,,,,,,,,
1209,T-800,1,1,,,,,,,,,,,,,,,,
1210,lancevance,1,1,,,,,,,,,,,,,,,,
1211,Viruslove,1,1,,,,,,,,,,,,,,,,
1212,Khiem2806,1,1,,,,,,,,,,,,,,,,
1214,dovanhieu,0,1,,,,,,,,,,,,,,,,
1215,MrHieu,1,1,,,,,,,,,,,,,,,,
1216,ldcvn,0,1,,,,,,,,,,,,,,,,
1218,kidphan93,1,1,,,,,,,,,,,,,,,,
1221,ThanhHoa_ktq,1,1,,,,,,,,,,,,,,,,
1222,Lee-Nguyen,1,1,,,,,,,,,,,,,,,,
1226,ThuDung_moc,1,1,,,,,,,,,,,,,,,,
1228,honhung00,0,1,,,,,,,,,,,,,,,,
1231,DucBinh,0,1,,,,,,,,,,,,,,,,
1232,tungpham,1,1,,,,,,,,,,,,,,,,
1233,Dongdong,0,1,,,,,,,,,,,,,,,,
1235,anbanglan,0,1,,,,,,,,,,,,,,,,
1236,TommyNguyen,0,1,,,,,,,,,,,,,,,,
1237,khankhan,0,1,,,,,,,,,,,,,,,,
1239,loirubuon,1,1,,,,,,,,,,,,,,,,
1240,happines,0,1,,,,,,,,,,,,,,,,
1241,Thienan68,0,1,,,,,,,,,,,,,,,,
1244,hungpt83,1,1,,,,,,,,,,,,,,,,
1249,rockyhungpham,1,1,,,,,,,,,,,,,,,,
1250,hiephoang68,1,1,,,,,,,,,,,,,,,,
1251,hieule,1,1,,,,,,,,,,,,,,,,
1252,Tvt32003,1,1,,,,,,,,,,,,,,,,
1256,AkiraTran,0,1,,,,,,,,,,,,,,,,
1258,Annhienct,0,1,,,,,,,,,,,,,,,,
1263,Oneilhanoi8899,0,1,,,,,,,,,,,,,,,,
1266,tuananh605b,1,1,,,,,,,,,,,,,,,,
1267,Lehuy01,1,1,,,,,,,,,,,,,,,,
1269,bimbipchua,1,1,,,,,,,,,,,,,,,,
1270,TheHa,1,1,,,,,,,,,,,,,,,,
1271,nguyenngoc,1,1,,,,,,,,,,,,,,,,
1272,Velvetnguyen41,0,1,,,,,,,,,,,,,,,,
1273,ldnhan1993,1,1,,,,,,,,,,,,,,,,
1277,granthef830,1,1,,,,,,,,,,,,,,,,
1282,QNIQDAT,1,1,,,,,,,,,,,,,,,,
1283,meteoroid_aof,1,1,,,,,,,,,,,,,,,,
1284,Hoa-tram,0,1,,,,,,,,,,,,,,,,
1285,VietTraders999,0,1,,,,,,,,,,,,,,,,
1286,LongKin,1,1,,,,,,,,,,,,,,,,
1288,QuocNVA,0,1,,,,,,,,,,,,,,,,
1291,Mr444,0,1,,,,,,,,,,,,,,,,
1295,Pouring-Gold,0,1,,,,,,,,,,,,,,,,
1296,Viet010993,1,1,,,,,,,,,,,,,,,,
1298,quocvu,0,1,,,,,,,,,,,,,,,,
1299,Ducvinh,0,1,,,,,,,,,,,,,,,,
1306,anhquan,1,1,,,,,,,,,,,,,,,,
1307,LeBinhnew,0,1,,,,,,,,,,,,,,,,
1311,Vudiepck,0,1,,,,,,,,,,,,,,,,
1312,nguyenlam12,1,1,,,,,,,,,,,,,,,,
1314,JamesSec,1,1,,,,,,,,,,,,,,,,
1315,Hiepnt999,0,1,,,,,,,,,,,,,,,,
1316,Chungkhoanso,1,1,,,,,,,,,,,,,,,,
1321,Judasvn,0,1,,,,,,,,,,,,,,,,
1325,Kun17117,1,1,,,,,,,,,,,,,,,,
1326,Cachepdo2017,1,1,,,,,,,,,,,,,,,,
1327,DangKhoa179,1,1,,,,,,,,,,,,,,,,
1331,Denta23,0,1,,,,,,,,,,,,,,,,
1334,Ldmanh,0,1,,,,,,,,,,,,,,,,
1335,Kunto,0,1,,,,,,,,,,,,,,,,
1336,hellboy198690,1,1,,,,,,,,,,,,,,,,
1337,congtu,0,1,,,,,,,,,,,,,,,,
1338,Tien208,0,1,,,,,,,,,,,,,,,,
1339,p_pham,1,1,,,,,,,,,,,,,,,,
1341,Rosebui,0,1,,,,,,,,,,,,,,,,
1342,Jodie-Katie85,0,1,,,,,,,,,,,,,,,,
1344,vodanh,1,1,,,,,,,,,,,,,,,,
1345,Vinh123,0,1,,,,,,,,,,,,,,,,
1349,TaoThao,0,1,,,,,,,,,,,,,,,,
1350,Chungkhoan2017,1,1,,,,,,,,,,,,,,,,
1356,HoangMinh2901,0,1,,,,,,,,,,,,,,,,
1361,RemKem,0,1,,,,,,,,,,,,,,,,
1362,hoangankt3,0,1,,,,,,,,,,,,,,,,
1365,vinahouzz,0,1,,,,,,,,,,,,,,,,
1372,Bingbooooong,0,1,,,,,,,,,,,,,,,,
1379,Pham_trong,0,1,,,,,,,,,,,,,,,,
1380,hockiemtien,0,1,,,,,,,,,,,,,,,,
1384,hl970,0,1,,,,,,,,,,,,,,,,
1385,tqt89_stock,0,1,,,,,,,,,,,,,,,,
1389,quydo87,0,1,,,,,,,,,,,,,,,,
1392,777777777,0,1,,,,,,,,,,,,,,,,
1398,trananh27,0,1,,,,,,,,,,,,,,,,
1402,letuankiet,0,1,,,,,,,,,,,,,,,,
1403,943689666,0,1,,,,,,,,,,,,,,,,
1404,Batoan,0,1,,,,,,,,,,,,,,,,
1414,pitandpoc,0,1,,,,,,,,,,,,,,,,
1418,HCLink0518,0,1,,,,,,,,,,,,,,,,
1420,NgaMOT,0,1,,,,,,,,,,,,,,,,
1429,thehe,0,1,,,,,,,,,,,,,,,,
1430,Danh_Thanh,0,1,,,,,,,,,,,,,,,,
1431,PNSE100,0,1,,,,,,,,,,,,,,,,
1432,Hungcuongbsm,0,1,,,,,,,,,,,,,,,,
1438,Taara,0,1,,,,,,,,,,,,,,,,
1440,someome,0,1,,,,,,,,,,,,,,,,
1449,tungbeous,0,1,,,,,,,,,,,,,,,,
1450,truong1112,0,1,,,,,,,,,,,,,,,,
1453,BlackCat87,0,1,,,,,,,,,,,,,,,,
1455,anhtuan27,0,1,,,,,,,,,,,,,,,,
1456,bongmai20102012,0,1,,,,,,,,,,,,,,,,
1457,huuvy,0,1,,,,,,,,,,,,,,,,
1459,tony_89,0,1,,,,,,,,,,,,,,,,
1461,MaconDAHTN,0,1,,,,,,,,,,,,,,,,
1463,tapsu2017,0,1,,,,,,,,,,,,,,,,
1464,Tanphai,0,1,,,,,,,,,,,,,,,,
1469,Anhsi,0,1,,,,,,,,,,,,,,,,
1470,hoapham0712,0,1,,,,,,,,,,,,,,,,
1472,minhtuan4691,0,1,,,,,,,,,,,,,,,,
1474,Leo0302,0,1,,,,,,,,,,,,,,,,
1477,viethung06,0,1,,,,,,,,,,,,,,,,
1479,viethoang30121982,0,1,,,,,,,,,,,,,,,,
1483,sangvan,0,1,,,,,,,,,,,,,,,,
1488,Trieuhainam,0,1,,,,,,,,,,,,,,,,
1490,TrungloveTrungdz,0,1,,,,,,,,,,,,,,,,
1495,Nguyen_Nguyen,0,1,,,,,,,,,,,,,,,,
1496,TheApprentice,0,1,,,,,,,,,,,,,,,,
1497,damtaicap,0,1,,,,,,,,,,,,,,,,
1498,Leenguyen01,0,1,,,,,,,,,,,,,,,,
1500,blackwidow,0,1,,,,,,,,,,,,,,,,
1503,leadingxiu,0,1,,,,,,,,,,,,,,,,
1504,cogai80,0,1,,,,,,,,,,,,,,,,
1505,Camom10,0,1,,,,,,,,,,,,,,,,
1509,lovefirst,0,1,,,,,,,,,,,,,,,,
1513,lethanhphuoc11,0,1,,,,,,,,,,,,,,,,
1517,Sakutara,0,1,,,,,,,,,,,,,,,,
1519,Mila0610,0,1,,,,,,,,,,,,,,,,
1520,T88_888,0,1,,,,,,,,,,,,,,,,
1522,Chimsedinang01,0,1,,,,,,,,,,,,,,,,
1526,DominicNguyen,0,1,,,,,,,,,,,,,,,,
1529,DavidDang,0,1,,,,,,,,,,,,,,,,
1533,Pilstas,0,1,,,,,,,,,,,,,,,,
1534,hien59,0,1,,,,,,,,,,,,,,,,
1538,truongcanegie,0,1,,,,,,,,,,,,,,,,
1539,Kimtien123,0,1,,,,,,,,,,,,,,,,
1540,Newcomer_vnd,0,1,,,,,,,,,,,,,,,,
1541,763763,0,1,,,,,,,,,,,,,,,,
1547,ngocluan,0,1,,,,,,,,,,,,,,,,
1550,ngocminh86,0,1,,,,,,,,,,,,,,,,
1553,Hvhungoc,0,1,,,,,,,,,,,,,,,,
1555,NguyenLamThao,0,1,,,,,,,,,,,,,,,,
1557,Noname-2017,0,1,,,,,,,,,,,,,,,,
1561,Gapo85,0,1,,,,,,,,,,,,,,,,
1563,Giacuong2018,0,1,,,,,,,,,,,,,,,,
1565,ga_ngoc,0,1,,,,,,,,,,,,,,,,
1566,Hanh42,0,1,,,,,,,,,,,,,,,,
1568,huynhhuynh28,0,1,,,,,,,,,,,,,,,,
1570,MinhHoai17,0,1,,,,,,,,,,,,,,,,
1571,Hitman,0,1,,,,,,,,,,,,,,,,
1572,Timensit,0,1,,,,,,,,,,,,,,,,
1573,DangNhat,0,1,,,,,,,,,,,,,,,,
1575,cangu,0,1,,,,,,,,,,,,,,,,
1577,boydautu,0,1,,,,,,,,,,,,,,,,
1580,phituan610,0,1,,,,,,,,,,,,,,,,
1581,MAKHA,0,1,,,,,,,,,,,,,,,,
1585,huonghamho,0,1,,,,,,,,,,,,,,,,
1586,cumeo2017,0,1,,,,,,,,,,,,,,,,
1588,Hoan_Linh,0,1,,,,,,,,,,,,,,,,
1591,Dungleu82,0,1,,,,,,,,,,,,,,,,
1592,Linhphanvnd,0,1,,,,,,,,,,,,,,,,
1594,Petro,0,1,,,,,,,,,,,,,,,,
1596,PhamCao,0,1,,,,,,,,,,,,,,,,
1597,Gadienro,0,1,,,,,,,,,,,,,,,,
1598,Khamac123,0,1,,,,,,,,,,,,,,,,
1601,ZzDoubezZ,0,1,,,,,,,,,,,,,,,,
1603,thangtoan,0,1,,,,,,,,,,,,,,,,
1604,HieuNg,0,1,,,,,,,,,,,,,,,,
1606,phongsna,0,1,,,,,,,,,,,,,,,,
1607,Bon2014,0,1,,,,,,,,,,,,,,,,
1608,cdhavncb,0,1,,,,,,,,,,,,,,,,
1612,vupmp,0,1,,,,,,,,,,,,,,,,
1615,minhanh0152016,0,1,,,,,,,,,,,,,,,,
1617,Blue_sky,0,1,,,,,,,,,,,,,,,,
1620,PhamLampharma,0,1,,,,,,,,,,,,,,,,
1621,nhanbuffet,0,1,,,,,,,,,,,,,,,,
1623,itsmylife,0,1,,,,,,,,,,,,,,,,
1625,Dang_Phuoc,0,1,,,,,,,,,,,,,,,,
1627,HereNow,0,1,,,,,,,,,,,,,,,,
1632,tuanduc13,0,1,,,,,,,,,,,,,,,,
1634,hieulh55,0,1,,,,,,,,,,,,,,,,
1636,Lapnghiep,0,1,,,,,,,,,,,,,,,,
1637,Racingtricycle,0,1,,,,,,,,,,,,,,,,
1641,tranatuu1,0,1,,,,,,,,,,,,,,,,
1642,phongvuvan,0,1,,,,,,,,,,,,,,,,
1643,Heliosx,0,1,,,,,,,,,,,,,,,,
1645,Tototintin,0,1,,,,,,,,,,,,,,,,
1647,TopcashViNa,0,1,,,,,,,,,,,,,,,,
1648,ngaynanglen,0,1,,,,,,,,,,,,,,,,
1651,phamthang,0,1,,,,,,,,,,,,,,,,
1654,ngovandat,0,1,,,,,,,,,,,,,,,,
1657,Hienbth11,0,1,,,,,,,,,,,,,,,,
1661,DinhAnhPha,0,1,,,,,,,,,,,,,,,,
1662,tranmap78,0,1,,,,,,,,,,,,,,,,
1663,dautuchungkhoan1688,0,1,,,,,,,,,,,,,,,,
1667,Tieuphongee,0,1,,,,,,,,,,,,,,,,
1668,Minhngoc10101989,0,1,,,,,,,,,,,,,,,,
1669,Caovietcuong15111991,0,1,,,,,,,,,,,,,,,,
1671,erick88,0,1,,,,,,,,,,,,,,,,
1672,vinhvo2010,0,1,,,,,,,,,,,,,,,,
1673,Dominhhung,0,1,,,,,,,,,,,,,,,,
1674,Dautuor,0,1,,,,,,,,,,,,,,,,
1675,tan007,0,1,,,,,,,,,,,,,,,,
1676,Buituong,0,1,,,,,,,,,,,,,,,,
1678,Nolovetoday,0,1,,,,,,,,,,,,,,,,
1682,George,0,1,,,,,,,,,,,,,,,,
1683,Huythongvn,0,1,,,,,,,,,,,,,,,,
1684,AnhLa,0,1,,,,,,,,,,,,,,,,
1686,Nicolas381117,0,1,,,,,,,,,,,,,,,,
1687,Tientri,0,1,,,,,,,,,,,,,,,,
1688,Duythong,0,1,,,,,,,,,,,,,,,,
1689,honbien,0,1,,,,,,,,,,,,,,,,
1690,thietkiem,0,1,,,,,,,,,,,,,,,,
1691,Taishine_1516,0,1,,,,,,,,,,,,,,,,
1692,ChuyenOTC,0,1,,,,,,,,,,,,,,,,
1696,HongBay9981,0,1,,,,,,,,,,,,,,,,
1697,PL2017,0,1,,,,,,,,,,,,,,,,
1698,thck2017,0,1,,,,,,,,,,,,,,,,
1701,Tuannt172,0,1,,,,,,,,,,,,,,,,
1704,Honglien,0,1,,,,,,,,,,,,,,,,
1706,Baolam17,0,1,,,,,,,,,,,,,,,,
1707,Aviedao,0,1,,,,,,,,,,,,,,,,
1709,ACMilan,0,1,,,,,,,,,,,,,,,,
1710,TriHoang9191,0,1,,,,,,,,,,,,,,,,
1711,Ngaphamnguyen,0,1,,,,,,,,,,,,,,,,
1713,Hoangagain,0,1,,,,,,,,,,,,,,,,
1714,tuananh605,0,1,,,,,,,,,,,,,,,,
1716,Closedup,0,1,,,,,,,,,,,,,,,,
1717,Never,0,1,,,,,,,,,,,,,,,,
1718,mekong1975,0,1,,,,,,,,,,,,,,,,
1719,mrkien12,0,1,,,,,,,,,,,,,,,,
1723,241119,0,1,,,,,,,,,,,,,,,,
1724,hoang030886,0,1,,,,,,,,,,,,,,,,
1725,huudo,0,1,,,,,,,,,,,,,,,,
1727,phuquynguyen,0,1,,,,,,,,,,,,,,,,
1728,bankexpress,0,1,,,,,,,,,,,,,,,,
1731,Vovidaisu,0,1,,,,,,,,,,,,,,,,
1735,Viethuynh65,0,1,,,,,,,,,,,,,,,,
1737,HungThanh,0,1,,,,,,,,,,,,,,,,
1738,Mc_le,0,1,,,,,,,,,,,,,,,,
1743,huynhmv,0,1,,,,,,,,,,,,,,,,
1744,Boy90,0,1,,,,,,,,,,,,,,,,
1745,phongtran1990,0,1,,,,,,,,,,,,,,,,
1746,NamKhang,0,1,,,,,,,,,,,,,,,,
1748,NXQ1106,0,1,,,,,,,,,,,,,,,,
1751,LeThuy86,0,1,,,,,,,,,,,,,,,,
1752,WaterIT,0,1,,,,,,,,,,,,,,,,
1753,55cao_kp,0,1,,,,,,,,,,,,,,,,
1754,Mr_Duc,1,1,,,,,,,,,,,,,,,,
